player_name,date,overall_level,overall_xp,overall_rank,attack_level,attack_xp,attack_rank,defence_level,defence_xp,defence_rank,strength_level,strength_xp,strength_rank,hitpoints_level,hitpoints_xp,hitpoints_rank,ranged_level,ranged_xp,ranged_rank,prayer_level,prayer_xp,prayer_rank,magic_level,magic_xp,magic_rank,cooking_level,cooking_xp,cooking_rank,woodcutting_level,woodcutting_xp,woodcutting_rank,fletching_level,fletching_xp,fletching_rank,fishing_level,fishing_xp,fishing_rank,firemaking_level,firemaking_xp,firemaking_rank,crafting_level,crafting_xp,crafting_rank,smithing_level,smithing_xp,smithing_rank,mining_level,mining_xp,mining_rank,herblore_level,herblore_xp,herblore_rank,agility_level,agility_xp,agility_rank,thieving_level,thieving_xp,thieving_rank,slayer_level,slayer_xp,slayer_rank,farming_level,farming_xp,farming_rank,runecraft_level,runecraft_xp,runecraft_rank,hunter_level,hunter_xp,hunter_rank,construction_level,construction_xp,construction_rank,abyssal_sire_kc,abyssal_sire_rank,alchemical_hydra_kc,alchemical_hydra_rank,amoxliatl_kc,amoxliatl_rank,araxxor_kc,araxxor_rank,artio_kc,artio_rank,barrows_chests_kc,barrows_chests_rank,bryophyta_kc,bryophyta_rank,callisto_kc,callisto_rank,calvarion_kc,calvarion_rank,cerberus_kc,cerberus_rank,chambers_of_xeric_kc,chambers_of_xeric_rank,chambers_of_xeric_challenge_mode_kc,chambers_of_xeric_challenge_mode_rank,chaos_elemental_kc,chaos_elemental_rank,chaos_fanatic_kc,chaos_fanatic_rank,commander_zilyana_kc,commander_zilyana_rank,corporeal_beast_kc,corporeal_beast_rank,crazy_archaeologist_kc,crazy_archaeologist_rank,dagannoth_prime_kc,dagannoth_prime_rank,dagannoth_rex_kc,dagannoth_rex_rank,dagannoth_supreme_kc,dagannoth_supreme_rank,deranged_archaeologist_kc,deranged_archaeologist_rank,doom_of_mokhaiotl_kc,doom_of_mokhaiotl_rank,duke_sucellus_kc,duke_sucellus_rank,general_graardor_kc,general_graardor_rank,giant_mole_kc,giant_mole_rank,grotesque_guardians_kc,grotesque_guardians_rank,hespori_kc,hespori_rank,kalphite_queen_kc,kalphite_queen_rank,king_black_dragon_kc,king_black_dragon_rank,kraken_kc,kraken_rank,kree_arra_kc,kree_arra_rank,kril_tsutsaroth_kc,kril_tsutsaroth_rank,lunar_chests_kc,lunar_chests_rank,mimic_kc,mimic_rank,nex_kc,nex_rank,nightmare_kc,nightmare_rank,phosanis_nightmare_kc,phosanis_nightmare_rank,obor_kc,obor_rank,phantom_muspah_kc,phantom_muspah_rank,sarachnis_kc,sarachnis_rank,scorpia_kc,scorpia_rank,scurrius_kc,scurrius_rank,skotizo_kc,skotizo_rank,sol_heredit_kc,sol_heredit_rank,spindel_kc,spindel_rank,tempoross_kc,tempoross_rank,gauntlet_kc,gauntlet_rank,corrupted_gauntlet_kc,corrupted_gauntlet_rank,hueycoatl_kc,hueycoatl_rank,leviathan_kc,leviathan_rank,royal_titans_kc,royal_titans_rank,whisperer_kc,whisperer_rank,theatre_of_blood_kc,theatre_of_blood_rank,theatre_of_blood_hard_mode_kc,theatre_of_blood_hard_mode_rank,thermonuclear_smoke_devil_kc,thermonuclear_smoke_devil_rank,tombs_of_amascut_kc,tombs_of_amascut_rank,tombs_of_amascut_expert_mode_kc,tombs_of_amascut_expert_mode_rank,tzkal_zuk_kc,tzkal_zuk_rank,tztok_jad_kc,tztok_jad_rank,vardorvis_kc,vardorvis_rank,venenatis_kc,venenatis_rank,vetion_kc,vetion_rank,vorkath_kc,vorkath_rank,wintertodt_kc,wintertodt_rank,yama_kc,yama_rank,zalcano_kc,zalcano_rank,zulrah_kc,zulrah_rank
mr30slak,2025-11-30,2110,228220589,266148,99,13493224,329703,99,13514302,277090,99,27828127,131794,99,30617732,204559,99,19882687,309796,92,6524858,257416,99,14621974,327079,99,13034571,436070,99,13036858,228916,92,6794580,382946,91,6098660,310927,88,4412088,669073,91,5907523,341429,86,3605999,378796,90,5484093,332646,90,5362744,301795,82,2650028,372464,99,13034669,185555,99,13142792,198727,84,2963190,705326,66,528269,756074,83,2674165,431713,84,3007456,406623,429,151371.0,0,,290,113839.0,47,104718.0,268,246695.0,5,363792.0,691,32173.0,140,91728.0,236,227046.0,0,,0,,29,151806.0,25,244172.0,17,277205.0,53,121469.0,35,241111.0,2,,7,667712.0,1,,25,233026.0,0,,24,173075.0,427,110088.0,304,128452.0,125,162345.0,19,513943.0,23,269064.0,153,237974.0,1385,218715.0,1,,20,275513.0,26,302393.0,1,211406.0,29,163393.0,8,110339.0,0,,7,250299.0,51,165990.0,375,50126.0,4,,17,393149.0,0,,17,351365.0,0,,923,13485.0,2,,3,,1,,51,109738.0,13,84862.0,0,,391,21538.0,0,,0,,196,212728.0,36,159355.0,185,42358.0,0,,3,,1564,17613.0,41,146939.0,252,35567.0,92,469558.0,122,823629.0,0,,58,179064.0,32,463008.0
YouAteMyRICE,2025-11-30,2110,229591719,266136,90,5369594,772720,90,5370266,694148,99,31716575,107800,99,27245155,250904,99,28895962,186336,88,4806140,328718,95,8993529,706428,95,9016600,495782,99,13241872,149698,89,5128150,500207,97,10958158,197194,83,2736185,877871,99,13511940,105872,86,3673937,359758,95,9550835,208180,86,3666404,377342,84,3002426,339961,88,4813416,345306,99,15194804,123746,99,13753899,205365,87,4226168,207581,81,2242267,492033,82,2477437,652110,658,115440.0,33,120529.0,0,,0,,117,480047.0,6,248046.0,360,56090.0,0,,206,236716.0,0,,0,,215,27966.0,10,332171.0,29,244617.0,0,,25,316985.0,267,122328.0,327,148826.0,260,124132.0,25,116355.0,0,,27,169589.0,12,468715.0,100,246539.0,92,199459.0,77,144974.0,128,131820.0,1895,11554.0,305,459581.0,146,98233.0,13,302947.0,25,325053.0,6,48713.0,0,,0,,0,,6,274333.0,48,174012.0,25,303435.0,32,134473.0,0,,0,,53,61171.0,0,,0,,72,391112.0,10,270981.0,10,279640.0,0,,0,,0,,0,,0,,0,,595,119053.0,0,,0,,0,,9,144919.0,0,,15,209652.0,86,84458.0,1043,80029.0,141,756850.0,0,,116,118924.0,248,305283.0
10637,2025-11-30,2152,287008228,212002,99,21960355,86077,99,16218909,135258,99,32061917,106033,99,41406890,116918,99,33668785,149104,99,13039116,174310,99,18922845,178453,99,13140582,255103,79,1862029,841764,99,13083222,170830,99,13198930,98969,92,6615296,510229,99,13136124,166298,86,3657035,362909,99,13339644,106551,83,2787538,450296,75,1281226,761082,77,1613868,631678,91,5991441,475183,99,13956962,191233,66,546006,744474,76,1341138,691661,87,4027598,234155,0,,20,183221.0,15,195721.0,20,134708.0,25,907458.0,5,353294.0,17,250639.0,0,,138,279461.0,3,,29,56303.0,25,177019.0,25,247104.0,9,316007.0,76,98400.0,25,379126.0,236,136279.0,308,159596.0,217,144208.0,25,204172.0,32,26098.0,3648,1015.0,164,217171.0,25,446953.0,51,266547.0,40,312436.0,52,208778.0,25,584678.0,219,484466.0,8,257655.0,100,147468.0,35,266869.0,5,69416.0,197,85451.0,30,70025.0,25,42945.0,2,,126,104096.0,25,323170.0,25,183209.0,11,442589.0,0,,22,286893.0,15,14435.0,20,139355.0,10,929495.0,20,190440.0,50,222463.0,27,162319.0,537,21398.0,36,253713.0,120,40100.0,72,63827.0,1,,0,,106,53895.0,203,38560.0,1,81478.0,19,56952.0,511,53238.0,0,,91,81747.0,100,457539.0,271,473369.0,110,69917.0,25,263408.0,453,234407.0
M a z i,2025-11-30,2152,287063164,212001,99,13111949,399956,99,13035852,395389,99,31397463,109458,99,27218344,251313,99,19571514,316316,77,1607374,718378,99,17117192,225019,99,14950795,96618,99,15301874,58069,99,13258341,109243,99,13113115,113930,99,13104283,216747,90,5506395,357187,90,5522134,221255,98,12232651,179894,91,6166097,229593,82,2575867,379382,85,3346256,411802,96,9696314,305465,99,38656799,15886,80,2030676,361911,90,5565993,229534,84,2975886,430525,0,,0,,153,142146.0,0,,11,1066597.0,0,,1,,0,,42,321498.0,5,353927.0,0,,1,,3,,7,330642.0,0,,1,,87,254084.0,77,428508.0,95,240766.0,0,,0,,0,,127,246405.0,10,542012.0,1,,0,,1,,138,256957.0,1664,179926.0,15,222972.0,1,,1,,3,114594.0,0,,0,,0,,0,,0,,0,,18,203682.0,0,,0,,14,389196.0,0,,0,,0,,0,,0,,0,,0,,29,268896.0,0,,0,,0,,118,252286.0,0,,0,,0,,2,,0,,7,253612.0,3,,100,459296.0,472,314739.0,0,,0,,1900,57139.0
I Need Heals,2025-11-30,2032,179031332,382572,99,21267382,93677,99,18741514,83901,99,22284816,184829,99,25202045,286268,94,8555692,796706,85,3298803,413432,96,10230682,623681,99,13805965,144199,80,2060969,776415,92,6548608,395240,85,3536814,487012,80,2030954,1014827,85,3319661,492219,90,5438252,228050,80,2134134,677520,86,3662184,377813,85,3390016,296905,91,6106546,287075,94,8757261,345598,86,3654770,640284,71,869462,585153,71,850786,960771,85,3284016,330530,0,,0,,0,,0,,258,256191.0,0,,14,259906.0,0,,260,219821.0,0,,0,,0,,5,383119.0,0,,0,,56,141943.0,0,,7,666661.0,28,364338.0,0,,0,,0,,12,469424.0,40,363365.0,0,,0,,214,86488.0,401,94757.0,1522,198788.0,0,,23,265707.0,0,,0,,0,,0,,0,,0,,0,,0,,5,277271.0,0,,0,,5,590359.0,0,,0,,0,,0,,0,,0,,0,,0,,0,,0,,0,,162,229726.0,0,,0,,0,,0,,0,,5,267629.0,0,,7924,3489.0,47,1279727.0,0,,0,,23,478231.0
MasonJarr,2025-11-30,2032,178981569,382573,99,13869965,294663,99,13211232,322747,99,13700323,468045,99,19857163,413201,99,13202324,582209,90,5680848,279492,99,13043100,504300,99,13125897,263839,99,13263687,146137,85,3264924,627882,99,13808819,66383,80,2030121,1015223,80,2192074,641236,91,5920695,206160,85,3423297,470573,80,2062478,545306,75,1245884,784448,70,749478,1087440,92,6718502,434980,99,15840487,121826,66,531437,753775,76,1392312,673983,71,846522,900054,0,,0,,0,,0,,29,866880.0,0,,0,,0,,0,,0,,0,,0,,0,,0,,0,,0,,0,,0,,0,,0,,0,,0,,6,517939.0,97,252507.0,16,355599.0,65,183268.0,0,,61,408599.0,1239,241970.0,0,,0,,0,,0,,0,,0,,0,,0,,0,,0,,0,,0,,0,,10,465078.0,0,,0,,0,,0,,0,,0,,0,,0,,0,,0,,0,,0,,0,,0,,0,,0,,0,,0,,0,,50,571723.0,123,817700.0,0,,0,,0,
I JOKE,2025-11-30,2049,218318363,355160,99,22570662,80092,99,14873108,183911,99,18847486,239765,99,34765954,162248,99,30408657,173052,81,2255255,527847,99,14226503,351631,99,13034844,425868,90,5617726,389176,99,13035179,260391,91,6089713,311672,80,2015481,1022453,83,2701740,558531,84,2957889,462045,96,10000085,201745,85,3316626,409739,77,1528305,622919,76,1398617,686458,93,7523213,394490,91,6450878,472304,74,1121416,520255,73,1074935,797080,82,2504091,641024,0,,0,,0,,0,,208,313418.0,0,,0,,0,,0,,340,68979.0,0,,11,240873.0,0,,11,299343.0,0,,0,,6,471113.0,49,499886.0,11,434642.0,0,,0,,0,,327,138736.0,111,231848.0,0,,43,292470.0,0,,0,,90,541422.0,0,,18,281060.0,0,,0,,0,,0,,0,,0,,0,,0,,0,,0,,0,,0,,0,,0,,353,49176.0,101,22267.0,406,73789.0,0,,0,,0,,0,,0,,0,,0,,209,12563.0,155,49765.0,0,,0,,6,154079.0,10,229051.0,0,,51,555898.0,118,839860.0,0,,0,,1166,107653.0
Im Neat,2025-11-30,2049,219385690,355154,99,13306545,355058,99,13293550,307243,99,19383777,229544,99,26154611,269063,99,19847069,310566,86,3693733,372278,99,18765113,181998,99,13034588,434712,71,886301,1364278,99,13068941,185418,76,1388736,946117,99,13081556,240974,99,13047935,207689,72,904792,992928,76,1362042,904391,99,13077768,116126,76,1352903,714400,72,973839,950663,99,13641018,169565,99,13118909,306583,67,556967,736326,73,1023135,822070,88,4421452,219608,0,,0,,293,113325.0,0,,9,1105540.0,0,,51,175415.0,0,,194,242752.0,2,,24,60413.0,18,215589.0,3,,8,323932.0,0,,89,84921.0,0,,0,,0,,0,,0,,1,,176,208991.0,0,,0,,23,466839.0,1,,466,79489.0,656,362038.0,28,189749.0,2,,0,,0,,0,,0,,0,,0,,0,,10,420912.0,20,200244.0,0,,0,,25,254818.0,0,,0,,0,,0,,0,,0,,1,,0,,1,,0,,0,,176,222550.0,20,215371.0,54,97791.0,0,,5,255036.0,1,,509,25669.0,10,223926.0,50,589376.0,53,1235315.0,0,,0,,124,374457.0
Gim Hassel,2025-11-30,2002,100153478,436115,82,2550614,1081252,80,1996209,1165294,92,7063805,986837,95,9193145,859945,98,12969893,629824,80,2151099,548624,90,5414053,1008281,81,2349964,899887,76,1381950,1009712,79,1868431,858645,77,1595765,868192,75,1271297,1245677,80,1998001,693559,85,3297282,412562,89,5135969,350534,85,3573617,392313,77,1489586,640607,92,6527648,264259,85,3591430,648634,93,7765343,424689,74,1177152,510894,82,2438234,461848,99,13167112,71042,0,,21,172292.0,0,,63,94211.0,51,729679.0,5,391068.0,0,,50,158618.0,0,,15,284376.0,0,,1,,1,,0,,0,,25,388833.0,0,,125,341819.0,0,,0,,0,,12,190588.0,89,288679.0,9,564161.0,0,,47,271390.0,5,351589.0,62,408384.0,0,,0,,16,291190.0,67,194133.0,0,,0,,0,,0,,1,,50,172450.0,0,,1,,98,151572.0,0,,5,616214.0,0,,1,,31,657942.0,5,343467.0,309,103113.0,0,,1,,36,254067.0,1,,0,,0,,0,,4,,78,80900.0,0,,6,221152.0,1,,0,,29,153490.0,50,602582.0,50,1261606.0,0,,56,182345.0,350,266369.0
Orthinus,2025-11-30,2002,100497409,436110,94,8189446,591163,90,5407313,682466,92,6693837,1013259,95,9485589,841705,91,5963913,975730,81,2400137,506558,89,4890309,1054382,89,4955945,665110,82,2531426,674201,78,1672849,890859,84,3135434,534985,85,3266736,818247,78,1683444,753049,84,2995530,449273,79,1942985,737579,85,3334382,407886,78,1717210,559678,82,2581968,476672,87,4309815,587548,99,14606252,159321,80,2020777,364044,86,3703658,315690,84,2993704,415929,0,,30,128806.0,0,,0,,353,181105.0,2,,0,,0,,0,,0,,0,,1,,4,,2,,0,,1,,3,,4,,1,,0,,0,,1,,7,508406.0,10,541967.0,65,236058.0,58,211581.0,2,,14,667535.0,0,,1,,1,,120,133114.0,0,,0,,1,,0,,0,,0,,180,87783.0,1,,50,242388.0,0,,18,337848.0,0,,0,,195,120536.0,0,,0,,17,205527.0,1,,0,,1,,0,,0,,0,,0,,0,,0,,1,,1,,0,,0,,220,328957.0,157,706285.0,0,,134,106918.0,1,
VoidTrinity,2025-11-30,2278,425452843,83856,99,24028865,68237,99,18062161,94664,99,58081193,41113,99,58409942,59510,99,52521684,72705,99,13502522,40977,99,29926316,61954,99,13134530,258570,92,6587015,347244,99,14022622,50888,91,6101443,310673,91,6066214,533904,99,13440945,112930,99,13085943,102553,90,5487982,332447,98,12087066,153771,86,3854166,254169,91,6409062,268475,99,24969218,30896,99,13708623,209104,90,5371789,178872,99,13037573,127608,99,13115470,93284,290,179473.0,192,15386.0,4211,1397.0,52,99915.0,38,804348.0,5,346189.0,0,,127,97930.0,509,152776.0,28,243472.0,36,51881.0,106,58472.0,31,186411.0,161,114654.0,51,124757.0,25,332797.0,214,147678.0,211,232202.0,216,144876.0,25,183768.0,43,24217.0,300,65725.0,102,271982.0,183,178293.0,381,58557.0,79,138440.0,340,41061.0,404,94076.0,1466,206773.0,795,19363.0,165,96412.0,25,311531.0,8,38681.0,451,54015.0,64,45852.0,110,24175.0,5,382766.0,432,29726.0,1080,17835.0,25,169692.0,267,56300.0,0,,51,69903.0,220,660.0,9,160463.0,109,251970.0,5,336782.0,20,257856.0,43,123789.0,176,38138.0,234,83875.0,169,34639.0,11,97111.0,0,,94,261435.0,15,237841.0,91,73626.0,10,8798.0,24,36470.0,975,33958.0,11,225541.0,3,,542,172464.0,236,531251.0,659,14852.0,25,261712.0,235,310625.0
Anelruiner,2025-11-30,2278,425282614,83873,99,16187582,187208,99,13441786,285727,99,61922849,36851,99,47219015,91033,99,30048490,176053,99,13456858,46081,99,23284814,111517,99,13658931,155720,99,13956428,87656,99,13035000,262375,99,13044480,147021,99,13057522,276596,99,13059530,199349,99,13065791,112158,99,13047133,154908,99,13035055,142416,99,13613143,38104,99,13062876,169974,99,16362620,101053,99,14888482,148798,99,13078403,73826,99,16699729,32906,99,13056097,127189,774,101737.0,0,,0,,1931,5211.0,7,1134208.0,0,,1246,17818.0,0,,0,,2,,0,,67,84194.0,715,4916.0,2,,55,119265.0,222,27340.0,1,,1,,1,,35,85989.0,0,,1,,40,371435.0,2,,26,326358.0,81,132524.0,78,173819.0,51,447490.0,2098,132862.0,16,218879.0,2,,0,,1,228461.0,0,,0,,0,,0,,0,,42,232295.0,94,63108.0,0,,0,,39,128463.0,0,,2585,2574.0,395,40916.0,0,,0,,0,,1,,70,201884.0,1,,0,,0,,314,178002.0,2,,1,,1,91635.0,2,,1,,11823,93.0,1900,2559.0,37,641595.0,278,463163.0,0,,0,,1,
PRlDE EVENTS,2025-11-30,2051,156141180,352771,98,12661270,471992,85,3539720,835764,99,13503926,497878,99,19599268,420586,99,19125421,326157,83,2688228,468424,97,11015614,586736,92,6852936,556186,88,4667637,439236,86,3941499,562685,88,4573883,410981,90,5538111,566819,90,5662792,349181,84,3106932,435520,85,3458120,465321,88,4750713,323475,84,2995505,340472,80,2143356,543712,89,5114472,529239,99,13293297,262178,82,2538115,306668,82,2471906,456877,83,2898459,454366,0,,0,,0,,0,,150,406603.0,0,,0,,28,191471.0,0,,17,275450.0,0,,0,,0,,29,245861.0,44,137899.0,0,,92,248357.0,69,447144.0,96,239999.0,0,,0,,0,,0,,413,102703.0,8,387870.0,26,430230.0,28,255947.0,18,631116.0,240,475109.0,0,,0,,0,,2,122097.0,141,99122.0,0,,0,,0,,93,126196.0,45,223793.0,0,,22,357653.0,0,,17,351846.0,0,,0,,33,639456.0,0,,0,,0,,18,81383.0,0,,0,,0,,0,,0,,70,92645.0,23,133240.0,1,96963.0,5,232002.0,0,,5,268236.0,27,157873.0,425,213827.0,230,540696.0,90,77263.0,0,,2547,36123.0
BarelyTalked,2025-11-30,2051,156829453,352757,90,5735229,717143,87,4099051,784742,99,13038067,685152,99,15789524,545829,99,13298754,569590,99,13076976,129864,96,10231695,623631,90,5473334,623138,87,3976124,498992,84,3061201,645180,86,3677076,473684,99,14535708,67904,90,5468831,359861,81,2282333,533299,79,1909788,743066,91,6401240,222948,83,2793801,355791,79,1844212,594228,87,3977182,616565,99,17373727,93773,74,1113913,521641,87,4195193,286187,85,3476494,282162,0,,0,,0,,0,,9,1093877.0,10,155904.0,0,,0,,0,,0,,0,,212,28398.0,121,51652.0,1,,0,,34,243949.0,23,386133.0,32,551527.0,16,406926.0,0,,0,,0,,0,,50,339295.0,830,20392.0,52,241287.0,41,235107.0,146,246436.0,0,,0,,0,,0,,2,122550.0,0,,0,,0,,5,315978.0,0,,0,,3,,0,,0,,6,554665.0,0,,0,,358,48016.0,227,4292.0,1,,0,,0,,60,214976.0,0,,0,,0,,0,,2,,0,,0,,1,,0,,0,,0,,77,489953.0,401,359845.0,0,,417,32984.0,994,130644.0
Keta Me N U,2025-11-30,2119,167836029,254718,99,14013865,284275,99,13287371,308340,99,15320116,345505,99,20714897,389317,99,16301829,405090,88,4488820,336762,99,16997376,228585,99,13063933,332039,94,8560039,297899,91,5902849,442322,84,2952729,560433,83,2735278,877995,85,3260881,506568,84,3051064,440889,85,3391557,475929,80,2025005,554127,83,2816516,353780,86,3599906,394818,79,1911269,866669,86,3656118,640141,78,1784434,398966,87,3978372,299125,85,3412315,289777,0,,38,107185.0,0,,0,,2,,22,79254.0,636,34725.0,184,75431.0,0,,34,230672.0,91,33641.0,72,79793.0,1,,16,281381.0,0,,1,,0,,2,,0,,0,,0,,320,62779.0,35,384437.0,90,260137.0,0,,15,571853.0,160,111740.0,59,417717.0,0,,4,,1,,84,170228.0,0,,40,151008.0,0,,0,,22,73748.0,67,146654.0,35,264546.0,88,65925.0,68,197237.0,0,,6,574365.0,0,,0,,75,379120.0,0,,0,,122,49938.0,5,97461.0,215,92828.0,1,,52,70240.0,0,,0,,44,139684.0,47,103829.0,0,,2,,42,122707.0,25,177440.0,52,114625.0,302,273957.0,113,864208.0,145,60865.0,0,,266,297180.0
GIM g p,2025-11-30,2119,169548061,254699,99,13172650,381766,93,7822891,523366,99,17755556,264227,99,22862458,335875,99,19581782,316111,81,2397218,506848,99,13040552,506422,94,8399529,512668,84,3079805,606577,90,5580794,458104,88,4654706,406592,77,1527796,1153470,81,2233382,630251,83,2694740,492909,94,8204784,234021,85,3295530,412447,80,2104942,460386,97,11068917,197103,86,3947883,618444,91,6037663,490855,78,1767290,400923,87,4195537,286170,85,3338043,307234,0,,37,109600.0,0,,0,,159,389675.0,0,,8,291969.0,0,,0,,263,85815.0,2,,1,,1,,0,,0,,34,246834.0,0,,21,599176.0,0,,0,,109,17508.0,1,,0,,1,,0,,82,131814.0,78,174271.0,0,,0,,0,,0,,363,20465.0,0,,0,,0,,0,,0,,0,,63,180829.0,1,,12,435123.0,0,,12,438203.0,1,,0,,79,364508.0,1,,80,196523.0,239,20891.0,1,,357,42718.0,1,,27,82196.0,0,,0,,12,257320.0,46,104891.0,0,,1,,6,155755.0,102,92403.0,143,58163.0,21,683716.0,47,1282824.0,58,86138.0,20,279252.0,398,251351.0
GIM Jflas,2025-11-30,2168,284698720,193710,99,13661410,312242,99,13992990,234379,99,25108267,154015,99,39944778,125328,99,55083666,66842,86,3690784,372525,99,17813085,205151,95,8972541,496909,86,3841236,509498,91,5997547,425533,91,5904445,349436,99,13299274,146128,96,10359518,245785,86,3770614,345540,89,4899865,359926,96,9970438,165651,83,2838044,352007,91,6137464,283970,99,15477208,117793,99,13140525,299974,86,3599160,253282,81,2413206,466193,88,4766168,211283,659,115307.0,33,120093.0,567,73630.0,2077,4522.0,53,717838.0,13,127337.0,27,217045.0,204,69262.0,647,126096.0,10,310398.0,0,,31,146525.0,101,62736.0,533,40205.0,30,158804.0,253,22976.0,596,50647.0,725,50820.0,540,57684.0,25,169238.0,0,,170,89236.0,763,55122.0,149,200552.0,268,85447.0,65,184723.0,56,200424.0,436,85994.0,1555,194223.0,60,147640.0,149,105198.0,168,100617.0,4,78471.0,0,,0,,0,,5,377917.0,293,49589.0,46,222274.0,29,142404.0,69,194059.0,0,,29,210330.0,0,,8,162575.0,100,284370.0,16,216079.0,781,25152.0,78,78279.0,70,54613.0,190,106114.0,5,88147.0,0,,0,,237,199702.0,154,26676.0,65,88949.0,0,,9,148654.0,355,62854.0,104,90973.0,109,71196.0,129,415608.0,642,74869.0,0,,0,,1416,84795.0
StonedEwok,2025-11-30,2168,284337159,193711,99,13344472,349154,99,13100609,353522,99,13813001,453917,99,20491547,395486,99,16487200,398688,88,4434869,339404,95,9213075,687624,99,31185202,18872,99,45340312,6832,99,13051400,212791,99,13066904,132242,99,14760849,61955,95,8915586,259477,85,3403113,397277,99,13290151,111007,85,3360402,404814,84,2951944,345121,91,5928647,309563,99,13087221,205607,99,13606762,218436,81,2196579,340448,91,6041659,214534,85,3265655,341890,0,,0,,0,,0,,137,432800.0,9,173148.0,43,186519.0,0,,0,,0,,0,,0,,0,,210,95501.0,34,150944.0,0,,0,,0,,0,,0,,0,,0,,17,441227.0,620,73376.0,164,132957.0,94,102694.0,11,301559.0,569,62161.0,4200,31108.0,0,,0,,0,,0,,0,,0,,0,,22,71121.0,0,,293,61223.0,0,,145,102903.0,0,,36,148368.0,0,,0,,346,50937.0,0,,0,,0,,0,,0,,0,,0,,0,,205,208473.0,0,,0,,0,,17,64565.0,0,,0,,0,,255,303353.0,447,331558.0,0,,274,54458.0,0,
Pender4,2025-11-30,2019,123848278,405298,97,11005634,504789,90,5852219,628299,96,9705736,834728,99,14921275,578406,98,12409725,643194,84,3031409,441129,93,7299900,870047,88,4497374,690070,79,1817427,853009,79,1809103,867557,75,1283160,991445,80,2004820,1030908,79,1800319,732718,78,1641829,644918,77,1578064,824769,86,3918457,357719,74,1127329,871060,75,1272637,745329,95,9158076,326541,99,21539482,54866,72,945747,560655,86,3655145,319477,73,1002209,843447,71,232274.0,0,,539,76886.0,9,160078.0,11,1067345.0,2,,0,,0,,50,316653.0,11,303724.0,0,,1,,1,,5,350346.0,4,,49,177009.0,68,281826.0,130,333858.0,72,271628.0,0,,0,,5,206618.0,46,358541.0,64,301713.0,431,50659.0,126,57857.0,38,240060.0,613,56657.0,626,369554.0,0,,45,218260.0,18,353318.0,1,231100.0,0,,0,,0,,12,146557.0,4,,40,238205.0,1,,121,121668.0,0,,22,288325.0,0,,0,,175,139461.0,0,,0,,20,198178.0,1,,264,71242.0,1,,10,98711.0,0,,0,,91,68368.0,32,120676.0,0,,12,108620.0,1,,0,,48,121252.0,443,206552.0,83,1006460.0,0,,7,324593.0,34,460713.0
Slippur,2025-11-30,2019,123692927,405303,86,3965092,881237,82,2440648,991191,90,5669367,1110789,94,8432410,912171,95,8914231,777397,80,2070855,572326,90,5462547,1002899,90,5481840,622462,86,3746985,517414,90,5695583,450769,91,5907852,344822,99,13124606,198786,90,5601439,351994,84,2981698,452623,97,11222057,188725,86,3620232,383866,78,1646856,580933,80,2043010,560260,83,2851427,724357,99,14585488,160154,79,1850766,389571,85,3356405,343599,84,3021533,397987,0,,25,149051.0,0,,0,,101,527956.0,0,,0,,33,182867.0,0,,70,181249.0,0,,1,,5,389722.0,3,,0,,26,309654.0,6,470674.0,50,498010.0,20,393242.0,25,191475.0,0,,4,,1,,12,527331.0,0,,94,103977.0,1,,1,,0,,1,,1,,252,56769.0,0,,0,,0,,0,,1,,0,,4,,1,,19,379071.0,0,,4,,0,,0,,132,199859.0,27,146811.0,401,75503.0,26,167174.0,4,,233,84638.0,1,,7,104844.0,0,,0,,17,227522.0,36,115342.0,0,,1,,1,,0,,3,,43,627338.0,208,579759.0,0,,0,,1,
Captfullsend,2025-11-30,2116,204202970,258353,99,13151349,387600,97,11650146,426023,99,13051483,662330,99,22538396,343347,99,14953668,459003,99,13173284,85316,99,14732673,320935,88,4688430,680919,99,16396123,47449,99,13151379,135823,83,2794576,582004,99,13040153,347572,99,13112834,174349,93,7735675,170808,75,1242739,963069,86,3803736,363959,77,1479675,646535,82,2476918,490642,86,3599912,647859,99,13218992,278737,71,863481,587205,77,1512135,640336,79,1816939,734154,0,,0,,0,,0,,5,1177618.0,0,,47,182195.0,0,,0,,3,,0,,479,7671.0,12,312179.0,1,,3,,0,,0,,0,,0,,0,,0,,1,,24,417631.0,14,514611.0,0,,42,302443.0,0,,22,609645.0,0,,1,,1,,1,,1,207921.0,0,,0,,0,,0,,0,,0,,0,,47,252207.0,0,,10,475628.0,0,,0,,24,728834.0,0,,0,,82,75334.0,1,,6,337410.0,68,50130.0,0,,0,,0,,17,229294.0,0,,0,,36,15058.0,1,,5471,587.0,370,24245.0,0,,25,1482415.0,45,90846.0,101,130727.0,0,
Swales,2025-11-30,2116,204618816,258344,99,13429697,337406,99,13686533,259508,99,14486207,393346,99,18022077,469210,99,14034260,508834,88,4623601,332328,99,13974209,369882,99,13049722,361273,96,9686015,280998,92,6732609,385572,91,5992491,322012,99,13051825,295317,99,13035549,222623,84,3082832,437540,85,3513024,457824,99,13041209,132958,78,1763174,549153,80,2022648,564655,87,4059530,609026,99,15948034,119462,78,1650026,420339,84,2974090,383045,83,2759454,509694,0,,0,,0,,0,,16,1001989.0,0,,0,,0,,0,,0,,0,,0,,0,,0,,0,,0,,0,,0,,0,,0,,0,,0,,0,,0,,0,,6,765224.0,0,,0,,0,,0,,0,,0,,0,,0,,0,,0,,0,,0,,0,,0,,0,,0,,7,532995.0,0,,0,,0,,53,68361.0,112,178308.0,0,,0,,0,,0,,0,,0,,0,,0,,0,,0,,8,160714.0,0,,0,,0,,65,511663.0,576,177546.0,0,,0,,0,
qwpr,2025-11-30,2119,206456706,254259,96,10417083,519396,89,5157149,723022,99,13086400,630005,99,15722974,548236,99,13421394,556409,84,3005641,443197,92,7041602,884857,99,13121639,266637,99,13691370,102244,99,13094358,162659,99,13035208,169985,99,13043013,333405,99,13034606,227659,99,13035004,139264,99,13092745,140539,81,2302188,507268,81,2274411,424463,84,3067147,434665,92,6706152,435621,99,13267996,267403,67,560053,734177,80,2175982,505184,84,3102591,364399,0,,964,2249.0,70,167466.0,0,,49,743329.0,0,,0,,0,,46,318859.0,46,210284.0,0,,36,130711.0,0,,36,230881.0,0,,10,498930.0,85,256884.0,117,354190.0,99,236512.0,0,,0,,320,62682.0,47,355523.0,35,380724.0,620,31293.0,83,127348.0,0,,327,119018.0,2191,124430.0,25,194197.0,0,,0,,0,,0,,0,,0,,0,,0,,0,,0,,0,,0,,9,487157.0,0,,0,,0,,50,75027.0,0,,0,,0,,0,,0,,162,45829.0,0,,0,,85,73831.0,94,72035.0,0,,12,108138.0,0,,32,162704.0,318,28425.0,211,336151.0,236,530705.0,0,,64,169824.0,70,416102.0
SlaynGucci,2025-11-30,2119,205458945,254270,99,13905528,291908,99,13579884,270010,99,14285618,408353,99,22052859,355021,99,14817048,465511,99,13038873,174913,99,13569756,405850,99,13034620,431881,92,6530518,350615,99,13040604,235822,97,11526713,193071,87,4336986,675297,86,3639216,457239,86,3634282,368384,86,3624877,444925,85,3394947,401632,85,3323995,307011,91,5914652,314238,99,13065519,208784,93,7801875,423810,87,3998127,217728,71,870704,940780,82,2471744,654776,0,,0,,0,,0,,195,332472.0,0,,18,247030.0,0,,211,234786.0,0,,0,,11,244296.0,9,350190.0,220,92311.0,82,93538.0,77,99046.0,254,127766.0,242,204500.0,197,155013.0,0,,0,,0,,252,167986.0,39,366440.0,0,,0,,375,36430.0,469,78733.0,2661,89555.0,68,140746.0,30,246857.0,0,,0,,0,,0,,0,,0,,0,,0,,0,,0,,0,,11,440367.0,0,,0,,0,,0,,0,,0,,0,,0,,0,,0,,0,,299,183411.0,0,,0,,0,,0,,0,,74,110399.0,0,,0,,5,1751487.0,0,,0,,54,431429.0
BigLadChad69,2025-11-30,2012,154838287,416674,94,8397645,584195,93,7924302,520853,98,11908758,745503,99,17653625,481896,99,15702648,426969,77,1476684,842161,98,12653088,529923,99,14093215,127563,91,6231048,361179,98,12663368,290194,99,13034825,172161,83,2863630,862987,89,4907713,387597,90,5387152,234016,82,2597756,587023,76,1393086,703795,81,2258782,427351,75,1282116,739654,90,5396445,511431,83,2688169,735259,63,380017,893298,69,668336,1178157,85,3275879,335611,0,,0,,0,,0,,0,,0,,0,,0,,0,,234,93686.0,0,,0,,0,,0,,0,,0,,155,186101.0,238,207808.0,136,198703.0,0,,0,,0,,290,152263.0,0,,0,,0,,5,345023.0,190,200441.0,462,410796.0,0,,0,,0,,0,,0,,0,,0,,0,,0,,27,292831.0,7,257223.0,0,,0,,14,392355.0,0,,0,,0,,0,,0,,0,,0,,0,,0,,0,,0,,0,,0,,0,,0,,11,115937.0,0,,0,,0,,937,93403.0,143,750189.0,0,,0,,0,
ChiefFisher2,2025-11-30,2012,154606421,416678,99,13567924,321510,99,13235885,317761,99,13973779,436500,99,19402400,426302,95,9562951,745583,81,2235500,531425,95,8966693,709125,99,13500214,171757,86,3598975,534232,99,13812528,59178,79,1943979,787070,89,4843841,643304,88,4410518,406882,76,1443923,688738,77,1593480,820267,80,2117349,534557,73,1039051,940493,75,1216681,788499,99,13100012,203875,90,5730629,505920,73,1040690,536244,80,2001946,546591,81,2267473,692309,0,,0,,0,,0,,43,771998.0,0,,0,,0,,0,,0,,0,,0,,0,,0,,0,,83,91001.0,0,,0,,0,,25,177758.0,0,,0,,0,,167,187423.0,0,,23,461237.0,0,,123,277819.0,6234,8960.0,0,,0,,0,,0,,0,,0,,0,,18,90691.0,0,,132,109248.0,0,,77,180098.0,0,,32,183488.0,0,,0,,72,392741.0,0,,0,,0,,0,,0,,0,,0,,0,,138,243583.0,0,,0,,0,,0,,0,,0,,0,,7,727560.0,232,538332.0,0,,0,,0,
Flz,2025-11-30,2349,619003991,29236,99,28802029,42078,99,32130324,14364,99,62083245,36682,99,82228287,27972,99,76098323,35459,99,13861221,23085,99,36727768,37383,99,16590210,67548,99,16951604,43477,99,15092580,30625,99,20519955,17270,99,18421598,28382,99,16340593,15139,99,13495539,42005,99,13082355,143755,99,14896039,20926,99,13273490,60991,99,17388400,38973,99,25772535,28215,99,44553255,12107,99,13066168,81024,99,13393458,72694,99,13335346,33500,184,198804.0,276,8874.0,925,40639.0,473,29416.0,895,35851.0,9,178918.0,666,33253.0,56,149070.0,3000,10579.0,1725,4892.0,1,,148,43942.0,154,40755.0,210,95625.0,941,9702.0,320,16078.0,446,72014.0,525,81376.0,439,73411.0,237,1587.0,0,,76,124802.0,320,141264.0,449,96601.0,543,37469.0,145,42959.0,113,142992.0,522,69114.0,1962,146448.0,570,30856.0,306,50126.0,60,205851.0,5,61948.0,715,38486.0,186,20053.0,0,,28,53974.0,128,103083.0,1161,16307.0,1372,3436.0,305,49043.0,0,,82,15104.0,0,,674,19051.0,123,216750.0,62,52585.0,153,159524.0,42,124169.0,1103,9801.0,61,213546.0,1057,6047.0,142,48919.0,0,,515,131717.0,7,290039.0,10,164625.0,0,,31,21175.0,2149,9271.0,600,21590.0,618,13077.0,1114,72609.0,620,104324.0,245,43989.0,936,10571.0,2430,39077.0
Bicep Bro,2025-11-30,2349,626607638,29230,99,19090038,123030,99,25143915,31784,99,103518234,14016,99,95773716,19248,99,93711974,22049,99,13066353,138780,99,36488074,37987,99,13998764,132506,99,26540926,17665,99,13189076,124453,99,17259948,27626,99,15549431,47963,99,13173207,155998,99,13088010,101710,99,13454622,97931,99,13473593,51150,99,13135592,76893,99,13327357,124590,99,16749513,94942,99,15091849,142261,99,13717815,35307,99,13959015,57877,99,13130554,86203,197,194857.0,25,151732.0,0,,0,,609,79934.0,4,,4,,0,,1162,63149.0,471,49791.0,178,20560.0,4,,26,205423.0,141,124592.0,36,148237.0,1,,1031,22898.0,941,34144.0,1110,20487.0,25,132073.0,656,3143.0,29,167616.0,19,432905.0,26,421308.0,153,140266.0,31,381770.0,105,149186.0,438,85510.0,1355,223358.0,36,176843.0,34,239390.0,0,,0,,373,60698.0,50,54210.0,0,,1,,0,,39,240766.0,36,123615.0,10,484234.0,0,,12,427570.0,1,,0,,10,905279.0,129,13462.0,657,33968.0,0,,143,41466.0,0,,13,76906.0,1826,2146.0,56,18196.0,1253,54608.0,173,20535.0,500,10271.0,10,8796.0,13,96604.0,668,45468.0,1,,11,212901.0,155,387097.0,251,504993.0,468,24126.0,134,106758.0,1366,88819.0
No brujas,2025-11-30,2008,520164627,422896,99,62105748,5278,99,25847982,29002,99,86592226,20024,99,113083598,12321,99,122325969,10879,90,5813378,274261,99,36155430,38875,95,9322331,489308,73,1082415,1190355,99,13068362,186143,74,1107152,1066319,75,1224820,1306006,99,13218833,145361,78,1773064,615798,82,2558702,593321,90,5887590,243517,80,2150931,450526,78,1630353,628333,84,3219448,687697,93,7436918,434762,65,457471,823090,75,1289198,709127,83,2812708,476864,0,,0,,0,,35,113573.0,26,896284.0,15,113899.0,137,107961.0,33,181462.0,0,,917,19495.0,86,34773.0,36,132991.0,10,340063.0,50,209140.0,30,158980.0,25,362154.0,14,420771.0,51,494509.0,16,408812.0,11,321250.0,12,31189.0,132,100153.0,653,68238.0,25,478726.0,79,214880.0,8,709377.0,109,146182.0,25,586624.0,0,,476,38566.0,9,328822.0,5,421364.0,0,,5603,2372.0,0,,13,47533.0,0,,94,125663.0,65,177975.0,10,239706.0,0,,0,,3,,1,,19,143247.0,24,721552.0,94,26184.0,348,90649.0,0,,1,,570,13365.0,5,89601.0,1156,5720.0,62,17534.0,0,,210,12455.0,463,11901.0,1,60087.0,6,210030.0,38,124622.0,3,,1,,5084,6621.0,4,,117,68058.0,0,,125,373615.0
TheBlxde,2025-11-30,2008,410026721,422902,99,14625034,248237,99,13674130,260714,99,22321704,184354,99,83719963,26834,99,172701837,3815,90,5351200,313072,99,29750071,62814,99,13045286,373336,87,4195643,471116,97,11489692,296788,69,686363,1420395,85,3469245,761148,89,5051831,382666,78,1691661,630469,85,3541216,454527,81,2371324,500417,77,1514386,628864,71,883666,1017093,81,2412222,781450,99,13080743,318364,67,581850,720003,76,1372766,680142,82,2494888,644677,0,,0,,0,,0,,0,,0,,21,231904.0,0,,0,,0,,0,,0,,0,,0,,0,,0,,0,,0,,0,,0,,0,,0,,0,,0,,101,187141.0,31,379658.0,0,,59,416593.0,0,,0,,0,,0,,0,,0,,0,,0,,0,,17,214025.0,40,238661.0,0,,0,,0,,0,,0,,0,,0,,14,233228.0,0,,0,,0,,0,,0,,0,,0,,0,,35,161425.0,172,45343.0,0,,6,203764.0,0,,9,236097.0,18,189039.0,45780,95.0,160,697119.0,0,,7,321890.0,6480,6751.0
WiltingLilyy,2025-11-30,1968,67608503,491292,83,2805457,1032127,83,2673326,957461,88,4425534,1267334,88,4672946,1232689,85,3455655,1260373,81,2361974,511126,89,5275652,1024049,85,3465435,762367,80,2139870,752691,83,2821084,666977,81,2311769,685790,88,4591705,655946,77,1595970,774034,79,1803130,611351,82,2588365,588475,81,2381157,499452,82,2598234,376940,77,1590222,635288,80,2065316,837246,80,2132361,808093,79,1840426,390938,89,5151482,248449,81,2291368,691385,0,,0,,0,,0,,260,254724.0,7,227175.0,0,,0,,0,,0,,0,,0,,1,,0,,0,,25,364089.0,9,452494.0,103,379480.0,6,471971.0,12,318001.0,0,,0,,0,,25,474554.0,0,,5,796335.0,0,,25,593582.0,0,,0,,0,,260,53242.0,0,,0,,0,,0,,7,255356.0,0,,25,337293.0,0,,100,148073.0,0,,3,,0,,0,,130,203074.0,0,,0,,0,,0,,65,209121.0,0,,0,,0,,0,,0,,0,,0,,1,,0,,0,,0,,50,611952.0,240,524481.0,0,,0,,1,
W E B SLAY,2025-11-30,1968,73772768,491281,84,3073470,998124,83,2862174,931846,92,7140974,982580,91,6218964,1077166,91,6466827,933041,77,1577199,726399,83,2947246,1334458,85,3345698,775584,79,1907130,831600,76,1458487,947978,82,2522421,634463,80,2020700,1019822,86,3609542,461071,79,1892563,598591,83,2753065,563222,80,2085696,539959,81,2208141,438168,86,3938366,377460,91,6209310,461859,86,3701175,635735,58,234594,1114065,81,2204108,499545,82,2492867,645455,0,,25,151981.0,0,,0,,185,347344.0,0,,0,,0,,120,286281.0,0,,0,,0,,0,,0,,0,,0,,0,,35,544111.0,0,,0,,0,,0,,0,,0,,50,281941.0,40,316652.0,1,,0,,100,538966.0,0,,78,170318.0,328,28985.0,0,,0,,0,,0,,1,,0,,0,,0,,5,532778.0,160,4198.0,8,525618.0,0,,0,,71,397006.0,0,,0,,25,185347.0,0,,75,197095.0,0,,0,,0,,0,,0,,0,,0,,17,68627.0,0,,0,,0,,0,,63,1147953.0,0,,0,,0,
Pro B,2025-11-30,2222,238583519,139404,99,13716876,307224,98,12332454,414895,99,21075913,201198,99,32226807,186348,99,22363580,265251,99,13087529,122869,99,21019330,140700,90,5347359,649288,85,3398480,557141,99,13259130,109095,85,3328945,509415,91,5913610,543679,89,4843301,390873,89,4972285,257227,88,4407945,384141,88,4388320,335365,85,3314325,309372,85,3340489,412375,95,8898249,338513,99,13055937,327545,90,5503310,172757,85,3311581,348627,93,7416315,157971,64,233339.0,0,,552,75312.0,1,,7,1137451.0,1,,2,,11,242786.0,5,369157.0,1,,0,,6,295056.0,4,,5,349571.0,203,48009.0,14,459955.0,54,308054.0,49,501958.0,51,310670.0,0,,0,,5,205403.0,10,481698.0,29,408356.0,102,186212.0,15,577204.0,76,176342.0,87,343438.0,104,532401.0,6,273421.0,63,188203.0,0,,2,142783.0,6,207147.0,0,,0,,1,,0,,0,,1,,86,165686.0,0,,52,66226.0,1,,1,,0,,0,,0,,0,,2,,0,,4,,0,,0,,30,295435.0,77,83721.0,115,62975.0,3,22283.0,16,74863.0,7,153456.0,0,,8,231089.0,72,498999.0,269,476694.0,100,74637.0,0,,12,504676.0
JarSSu,2025-11-30,2222,235563485,139418,98,12102049,481635,97,11056885,435544,99,13967779,437137,99,19387634,426748,98,11805726,661329,90,5364645,307242,98,11808572,557027,99,13202625,228785,99,13542380,113894,99,13214400,118317,87,4029919,446751,99,13053653,288864,99,13463841,110558,90,5348274,243016,99,13128236,132713,85,3335775,407582,80,2083755,465782,81,2372485,507480,97,11403688,252922,99,24886983,39444,76,1412445,474364,97,11319161,142744,85,3283231,330995,200,194192.0,85,48072.0,36,183439.0,0,,247,268473.0,11,148807.0,0,,0,,138,279331.0,0,,0,,25,173909.0,64,97079.0,0,,0,,25,333370.0,0,,0,,0,,94,15672.0,0,,0,,6,514847.0,60,309634.0,0,,246,14543.0,2,,98,321877.0,1948,147919.0,1,,4,,639,1382.0,3,100975.0,0,,0,,0,,23,70443.0,0,,42,232910.0,1,,56,224855.0,0,,43,106871.0,0,,0,,79,364247.0,0,,0,,0,,0,,227,87176.0,0,,0,,0,,321,175719.0,0,,0,,0,,4,,0,,0,,0,,58,528757.0,97,943173.0,0,,0,,24,477522.0
Trump3rdTerm,2025-11-30,2002,121042889,435762,92,6517355,667443,99,13034805,400306,99,14748947,375972,99,14789234,583841,92,6522367,928899,84,3073525,438266,90,5350536,1017583,91,6482610,573129,91,6237841,360934,74,1181362,1046309,91,5902831,354915,80,1986347,1061491,88,4558890,399510,83,2682116,496842,92,7143640,267801,82,2497645,483290,80,2126972,455233,80,2021038,564987,88,4444038,577055,81,2328232,778773,81,2228248,336029,80,2185369,503929,84,2998941,412230,0,,6,233174.0,0,,0,,182,351425.0,0,,0,,767,15412.0,0,,0,,0,,0,,0,,0,,0,,48,179613.0,0,,143,313588.0,0,,0,,0,,0,,0,,0,,0,,17,543469.0,0,,0,,280,465804.0,0,,0,,290,41298.0,0,,0,,0,,0,,0,,0,,0,,0,,0,,0,,5,610415.0,0,,0,,376,44376.0,0,,0,,0,,0,,90,180776.0,0,,0,,0,,0,,0,,0,,0,,0,,0,,0,,0,,0,,110,879825.0,0,,0,,0,
bagelberg,2025-11-30,2002,121025802,435764,86,3696672,902209,83,2762717,942801,87,4316712,1278567,88,4778556,1220478,85,3569753,1243055,77,1532751,746335,97,10988028,587882,99,13093465,290427,97,10852791,268081,98,12714719,289975,82,2534975,631566,99,13076860,246070,81,2237767,629401,78,1647530,642932,99,13085916,142466,80,2005699,560190,83,2766043,358388,77,1576363,637883,77,1526144,949545,86,3897620,618940,78,1635625,423630,79,1866320,570896,89,4859560,209858,0,,0,,0,,0,,161,385428.0,5,297926.0,0,,0,,0,,0,,0,,1,,1,,0,,62,110684.0,1,,0,,0,,0,,0,,0,,1,,3,,12,524090.0,41,294057.0,18,522002.0,1,,123,277366.0,0,,0,,0,,1,,1,186099.0,0,,0,,0,,0,,0,,235,72371.0,1,,0,,0,,3,,0,,0,,83,346137.0,0,,0,,0,,1,,18,299509.0,1,,0,,0,,0,,0,,0,,0,,1,,1,,0,,0,,95,466033.0,617,108422.0,0,,1,,1,
FallenFlox,2025-11-30,2016,201271944,409329,99,19159980,121896,99,17714795,100852,99,22807773,178343,99,36369157,149232,99,33312462,151464,80,1992630,635801,99,13348538,432611,94,8037294,521136,78,1635150,906754,80,2046494,802020,80,1989436,772036,79,1899662,1074089,85,3261253,506382,88,4462961,285187,85,3293988,497368,90,5536652,267701,78,1717320,559641,82,2513042,485370,92,7052869,418987,88,4700966,562997,80,2078383,353807,72,953654,864648,90,5387485,195368,0,,0,,0,,0,,48,746073.0,0,,9,281590.0,0,,691,118078.0,796,24644.0,139,25149.0,28,153620.0,0,,196,100206.0,86,90915.0,0,,736,38066.0,932,34604.0,843,31560.0,0,,0,,0,,1178,26865.0,35,383314.0,65,234981.0,0,,5,341616.0,71,379811.0,805,326594.0,270,65986.0,217,74160.0,0,,2,119187.0,0,,0,,0,,0,,1390,2715.0,0,,40,115866.0,0,,0,,24,256779.0,0,,0,,58,460130.0,0,,0,,0,,0,,0,,0,,0,,0,,0,,0,,0,,0,,11,113849.0,0,,61,121499.0,0,,2881,16313.0,97,941660.0,0,,0,,605,195923.0
V-Turkony,2025-11-30,2016,199254552,409343,99,14301969,266015,99,14551671,199902,99,15536398,335748,99,32238557,186218,99,45940202,91419,85,3417040,394832,97,10817022,595556,93,7298079,541237,82,2573028,667638,90,5349381,489255,81,2199164,711717,80,2104869,988492,85,3426943,477241,80,2170644,546298,81,2263378,649786,81,2342813,502907,77,1523477,625015,96,10545527,200495,95,9668121,306507,92,6821238,456238,72,950281,559356,81,2267365,487470,72,947385,856982,188,196717.0,0,,0,,0,,0,,0,,0,,0,,0,,0,,0,,0,,0,,0,,0,,0,,0,,0,,0,,0,,0,,0,,0,,205,165648.0,0,,67,175756.0,0,,0,,1805,162908.0,0,,0,,0,,0,,0,,0,,0,,0,,0,,0,,0,,0,,0,,33,169793.0,0,,0,,0,,0,,0,,0,,0,,0,,0,,0,,0,,287,186735.0,0,,0,,0,,0,,0,,0,,0,,2785,17196.0,67,1107281.0,0,,315,46425.0,0,
Anuerysm,2025-11-30,2204,319321442,156692,99,19956608,110474,99,16890932,118156,99,23953104,165558,99,32755273,180888,99,23651852,245918,99,13040854,170565,99,21602350,132255,99,17867943,55237,99,13129158,175853,99,13109545,153672,99,13069950,131169,99,13063676,263508,99,13303966,130420,89,4859586,264513,83,2686128,574123,99,13145449,95849,86,3818444,256492,99,13430970,113781,99,18927915,67851,99,13411204,241889,86,3831053,225372,92,6729828,195987,84,3085654,369160,0,,0,,0,,0,,281,234695.0,0,,20,238103.0,0,,1338,50535.0,58,193872.0,0,,10,249561.0,47,133430.0,219,92646.0,123,71480.0,44,191412.0,2121,6174.0,2213,7479.0,2042,6780.0,0,,0,,0,,863,45804.0,703,65464.0,114,171848.0,0,,533,23280.0,151,239819.0,3227,60660.0,678,24406.0,440,30574.0,0,,0,,0,,0,,0,,0,,0,,8,426618.0,200,32320.0,0,,0,,23,268795.0,0,,0,,0,,0,,0,,0,,0,,0,,0,,0,,0,,1013,71457.0,0,,0,,0,,6,202001.0,0,,60,122676.0,8,229801.0,208,338422.0,434,339410.0,0,,0,,2522,36728.0
Mnael,2025-11-30,2204,321556600,156682,88,4714417,826542,80,2087081,1083816,90,5607679,1118789,90,5413221,1153263,86,3735305,1218347,99,13157818,89386,99,15781972,271631,99,13300926,202773,99,14183190,79413,99,14280638,44048,99,13109611,114910,99,26048421,13384,99,13861952,81815,99,16192386,17046,99,41974178,3459,99,13102167,109556,99,13349308,55033,99,25523014,17144,86,3904316,621436,99,20064654,65120,99,13267659,48225,99,15365759,41318,99,13530928,18584,0,,0,,0,,0,,957,30660.0,0,,0,,0,,0,,0,,0,,0,,0,,0,,0,,0,,0,,0,,0,,0,,0,,0,,0,,0,,0,,0,,0,,0,,0,,0,,0,,0,,0,,0,,0,,0,,0,,0,,0,,0,,0,,0,,7,549872.0,0,,0,,348,50474.0,0,,0,,0,,0,,86,184830.0,0,,0,,0,,0,,0,,0,,0,,0,,0,,0,,0,,0,,1121,9062.0,0,,0,,0,
Hengeloco,2025-11-30,2147,221949698,218396,99,14488434,255422,99,14904024,182511,99,16763307,291255,99,26234699,267671,99,15623967,430113,91,5963720,268985,99,15501245,283488,96,10036992,477238,93,7421068,320685,93,7727657,354053,91,5904363,349620,87,3975839,706036,99,13349351,124000,87,4035253,318179,92,7053626,270908,95,8974311,174670,85,3258719,327109,91,5914179,314412,96,10153823,288628,99,13412702,241681,83,2771610,290425,90,5397844,237803,84,3082965,369993,188,196811.0,0,,0,,94,79314.0,102,522290.0,0,,0,,0,,789,103403.0,62,189553.0,0,,0,,7,360809.0,13,290012.0,0,,39,212193.0,91,250014.0,89,405486.0,85,253572.0,0,,0,,0,,191,199843.0,10,539894.0,0,,72,159018.0,51,210967.0,285,137632.0,321,454227.0,86,129285.0,100,144917.0,0,,0,,0,,0,,0,,0,,0,,0,,61,85253.0,0,,0,,37,141716.0,0,,0,,40,581158.0,24,159172.0,2321,2699.0,0,,0,,0,,0,,0,,0,,0,,6,299235.0,0,,1,71814.0,0,,0,,9,238201.0,0,,831,108143.0,183,631222.0,0,,0,,90,399046.0
Abadia,2025-11-30,2147,223001216,218384,99,17397098,155460,99,13798647,249552,99,13952273,438679,99,20803779,386949,98,12034170,653796,90,5396631,300005,98,12942080,522855,99,13182186,236115,90,5576086,391727,90,5758266,447709,91,5903080,353198,99,13204146,167671,99,13718758,90251,89,5268343,246615,93,7848628,243668,84,3068528,429924,78,1637758,584512,99,17219784,40063,91,6508243,447133,98,12586027,344249,85,3289836,266512,84,3133115,366057,95,8773754,153386,0,,0,,0,,115,71684.0,289,228832.0,0,,79,144481.0,0,,0,,8,321372.0,0,,390,11634.0,97,66346.0,0,,0,,105,67922.0,15,414534.0,118,352634.0,0,,42,76541.0,0,,0,,20,429795.0,24,480372.0,0,,82,131518.0,0,,79,360655.0,851,317606.0,0,,57,196073.0,0,,0,,0,,0,,0,,0,,0,,9,422735.0,0,,0,,0,,12,438228.0,0,,0,,90,321338.0,102,21765.0,71,201925.0,0,,0,,0,,0,,0,,0,,0,,0,,0,,0,,0,,0,,0,,0,,50,571284.0,190,614735.0,0,,1149,7294.0,457,233298.0
TroutGutyz,2025-11-30,1990,174123385,453616,99,13693522,309315,99,14023812,232150,99,19937463,219493,99,29965213,212537,99,21719839,275666,82,2435165,499343,99,16826056,233985,93,7278424,541910,75,1232307,1102626,71,814609,1238106,63,391547,1821845,80,2058282,1002735,80,2111274,654218,79,1811723,609747,85,3292234,497811,90,5365244,301024,77,1576626,604254,89,5281058,334956,95,9644084,307222,93,7769307,424570,78,1735426,405248,82,2465136,457818,83,2695034,583974,615,121921.0,0,,0,,756,19201.0,124,462447.0,0,,0,,87,122420.0,323,200371.0,29,240364.0,0,,0,,0,,35,234092.0,0,,0,,90,251031.0,185,258757.0,86,252088.0,0,,0,,1400,10672.0,913,41976.0,0,,0,,41,305336.0,1,,0,,100,537136.0,0,,183,87700.0,0,,0,,0,,0,,0,,0,,180,80411.0,0,,0,,0,,0,,0,,0,,7,164730.0,0,,1,,360,86742.0,0,,31,74238.0,0,,1,,0,,0,,151,236036.0,45,136905.0,3,,1,75096.0,2,,1014,32384.0,0,,0,,50,583248.0,115,853451.0,0,,0,,1033,123519.0
TheOfficeUk,2025-11-30,1990,173787168,453617,99,18690007,129764,99,14797299,187362,99,28698279,125660,99,26835106,257553,99,13704075,532008,89,5000996,323242,99,14450204,337192,80,2096715,948383,86,3664755,525693,75,1317146,989114,77,1520662,893183,88,4740768,647530,83,2763167,549036,84,2959392,461107,81,2270498,648392,83,2677650,466116,76,1341507,724328,82,2478022,490426,99,16551864,98040,83,2816771,719161,74,1151779,514786,75,1257450,721644,80,2003056,718367,55,234682.0,0,,1,,0,,297,222849.0,26,67151.0,38,194236.0,0,,87,297703.0,0,,0,,15,223295.0,24,266604.0,0,,52,122093.0,21,414106.0,0,,0,,0,,0,,0,,3,,77,303677.0,744,62424.0,36,302244.0,12,626156.0,1,,55,431780.0,3563,47921.0,0,,1,,1,,1,235277.0,0,,0,,0,,6,261310.0,0,,707,28108.0,1,,3,,0,,50,73632.0,0,,0,,11,886881.0,0,,0,,0,,1,,0,,1,,0,,0,,1775,32125.0,0,,0,,1,109995.0,1,,1,,14,212562.0,1,,0,,23,1505979.0,0,,187,80187.0,1,
Jimbaroo,2025-11-30,2129,143393560,241543,88,4408537,846434,89,5139237,723766,91,6094483,1065474,96,10435198,787477,97,10781419,695075,79,1860505,670436,95,9296313,681317,88,4500059,689933,89,5163465,418405,80,2012583,817011,82,2431302,661295,99,13049945,302275,94,7956116,278915,83,2710152,489031,99,13865822,76244,86,3908775,358130,83,2879126,349101,86,3933220,377622,89,5020328,535434,94,8635276,402599,95,8774879,130180,88,4809736,260981,89,4974644,206759,0,,14,210167.0,0,,0,,130,448545.0,1,,0,,0,,0,,0,,0,,2,,0,,1,,0,,26,293607.0,39,339876.0,54,485842.0,39,335816.0,0,,0,,1,,618,73416.0,1,,11,373985.0,99,94808.0,3,,0,,388,432026.0,1,,2,,88,165932.0,2,138665.0,0,,0,,0,,2,,1,,45,225488.0,0,,0,,0,,8,524265.0,0,,0,,86,336710.0,27,144873.0,134,167512.0,32,147812.0,1,,65,208993.0,1,,0,,0,,0,,19,219480.0,9,169572.0,0,,1,,1,,0,,0,,20,686067.0,535,244583.0,0,,15,292674.0,142,363724.0
w1zzy,2025-11-30,2128,145471251,242833,93,7416466,620295,91,6060421,610146,98,12037635,740644,99,16538479,519914,99,17143178,377885,90,5346612,317845,95,9455045,670309,94,8121645,518909,85,3335246,568647,90,5602931,456510,83,2907595,565745,87,4051325,696205,88,4461682,403913,83,2679484,498098,91,6411480,301316,83,2827803,446513,82,2661131,371751,83,2786807,455996,87,4028936,611797,95,9604743,382495,77,1501523,454399,88,4428137,275684,85,3545969,277621,0,,34,119161.0,0,,0,,164,380771.0,25,68229.0,0,,0,,0,,0,,0,,13,233315.0,278,21185.0,1,,0,,1,,108,230227.0,283,175261.0,106,229093.0,2,,0,,1,,0,,59,310226.0,157,137880.0,57,220089.0,28,257455.0,116,288992.0,0,,0,,0,,0,,6,56246.0,0,,0,,0,,0,,0,,127,111939.0,1,,65,203807.0,0,,4,,0,,0,,96,304180.0,90,28134.0,142,164351.0,0,,0,,0,,0,,0,,0,,0,,0,,0,,0,,8,167425.0,0,,0,,0,,1550,43543.0,159,701310.0,0,,105,127515.0,1,
Alberta Beef,2025-11-30,2347,454884482,31341,99,26220639,54236,99,17610427,102864,99,32998619,101419,99,53692248,70663,99,56998049,62709,99,13103551,111491,99,28433180,69900,99,16858223,64459,99,14163946,79981,99,13180805,126662,99,13862166,64845,99,13349068,137825,99,13885227,80584,99,13245531,61781,99,15311422,42895,99,13871339,35405,99,13055860,96465,99,14803894,64893,99,16740721,95068,99,13413070,241628,99,13084421,71550,99,13074009,111377,99,13150821,77409,665,114510.0,93,43913.0,938,39696.0,780,18635.0,576,88343.0,46,36462.0,437,48061.0,571,22952.0,700,116905.0,134,133653.0,0,,116,54036.0,440,11116.0,100,155456.0,65,108155.0,106,67292.0,287,114693.0,302,163241.0,279,116653.0,117,8551.0,13,30910.0,164,90847.0,418,112466.0,800,58611.0,143,147997.0,76,148525.0,205,90134.0,356,108482.0,1839,159341.0,197,82569.0,53,203851.0,232,66217.0,2,138145.0,180,89007.0,53,51915.0,0,,10,179806.0,259,56456.0,400,47589.0,223,29180.0,36,288270.0,0,,51,70130.0,1,,251,43727.0,451,32494.0,30,132504.0,27,247182.0,648,3643.0,242,33486.0,90,180954.0,327,24378.0,12,95809.0,0,,184,218413.0,119,44607.0,229,33903.0,0,,5,253334.0,302,67253.0,34,160069.0,26,159761.0,242,312987.0,517,272487.0,272,40567.0,346,41654.0,651,186210.0
v Plant v,2025-11-30,2347,463240547,31321,99,36590400,21869,99,17199068,111152,99,32633434,103168,99,50269824,80488,99,43717127,99216,99,13214832,77225,99,34436817,43959,99,16194297,72812,99,13232255,151380,99,13567022,73764,99,14103677,58966,99,13342421,138901,99,13707273,90986,99,13184399,73605,99,18738085,22460,99,13338379,62466,99,13678422,35620,99,17136551,40595,99,17462716,84731,99,13242548,273089,99,16845582,14951,99,13224707,83860,99,13440754,23683,389,157166.0,0,,1259,23860.0,19,142854.0,79,601220.0,6,264392.0,1,,19,223304.0,1015,76545.0,122,140666.0,26,58272.0,73,78869.0,66,94866.0,53,202166.0,22,177655.0,39,210896.0,120,216804.0,120,349775.0,128,205888.0,25,214793.0,0,,63,132670.0,313,143702.0,269,139821.0,422,52005.0,53,236426.0,50,219935.0,304,128707.0,2769,83196.0,110,113798.0,61,190627.0,25,311733.0,5,62875.0,543,47547.0,13,94901.0,2,,5,391649.0,104,117871.0,38,245378.0,25,172967.0,69,194402.0,0,,37,142824.0,1,,0,,182,131786.0,18,203582.0,19,259432.0,28,158674.0,1,,75,196452.0,1,,71,64121.0,4,,850,86487.0,108,52563.0,63,90410.0,1,97518.0,25,31727.0,201,78085.0,65,118529.0,1,,712,129654.0,488,303229.0,71,81991.0,129,110022.0,151,355095.0
mr30slak,2025-11-30,2110,228220589,266160,99,13493224,329705,99,13514302,277091,99,27828127,131794,99,30617732,204560,99,19882687,309798,92,6524858,257416,99,14621974,327084,99,13034571,436073,99,13036858,228916,92,6794580,382948,91,6098660,310927,88,4412088,669075,91,5907523,341430,86,3605999,378799,90,5484093,332648,90,5362744,301796,82,2650028,372466,99,13034669,185556,99,13142792,198730,84,2963190,705331,66,528269,756076,83,2674165,431714,84,3007456,406633,429,151371.0,0,,290,113840.0,47,104718.0,268,246696.0,5,363794.0,691,32173.0,140,91730.0,236,227046.0,0,,0,,29,151806.0,25,244173.0,17,277205.0,53,121469.0,35,241111.0,2,,7,667716.0,1,,25,233026.0,0,,24,173078.0,427,110089.0,304,128452.0,125,162345.0,19,513944.0,23,269066.0,153,237974.0,1385,218715.0,1,,20,275515.0,26,302397.0,1,211406.0,29,163393.0,8,110339.0,0,,7,250302.0,51,165991.0,375,50126.0,4,,17,393153.0,0,,17,351367.0,0,,923,13485.0,2,,3,,1,,51,109738.0,13,84863.0,0,,391,21538.0,0,,0,,196,212728.0,36,159355.0,185,42358.0,0,,3,,1564,17613.0,41,146939.0,252,35567.0,92,469561.0,122,823635.0,0,,58,179064.0,32,463011.0
YouAteMyRICE,2025-11-30,2110,229591719,266147,90,5369594,772727,90,5370266,694152,99,31716575,107801,99,27245155,250906,99,28895962,186337,88,4806140,328720,95,8993529,706434,95,9016600,495782,99,13241872,149702,89,5128150,500211,97,10958158,197195,83,2736185,877879,99,13511940,105874,86,3673937,359762,95,9550835,208181,86,3666404,377346,84,3002426,339961,88,4813416,345313,99,15194804,123746,99,13753899,205367,87,4226168,207582,81,2242267,492033,82,2477437,652117,658,115441.0,33,120532.0,0,,0,,117,480049.0,6,248048.0,360,56091.0,0,,206,236717.0,0,,0,,215,27966.0,10,332173.0,29,244617.0,0,,25,316985.0,267,122328.0,327,148827.0,260,124132.0,25,116356.0,0,,27,169592.0,12,468716.0,100,246539.0,92,199462.0,77,144975.0,128,131821.0,1895,11554.0,305,459583.0,146,98233.0,13,302950.0,25,325057.0,6,48713.0,0,,0,,0,,6,274336.0,48,174013.0,25,303435.0,32,134473.0,0,,0,,53,61171.0,0,,0,,72,391116.0,10,270982.0,10,279642.0,0,,0,,0,,0,,0,,0,,595,119053.0,0,,0,,0,,9,144920.0,0,,15,209652.0,86,84458.0,1043,80029.0,141,756855.0,0,,116,118925.0,248,305283.0
10637,2025-11-30,2152,287008228,212019,99,21960355,86077,99,16218909,135259,99,32061917,106034,99,41406890,116918,99,33668785,149105,99,13039116,174310,99,18922845,178455,99,13140582,255105,79,1862029,841773,99,13083222,170832,99,13198930,98970,92,6615296,510233,99,13136124,166298,86,3657035,362914,99,13339644,106553,83,2787538,450298,75,1281226,761088,77,1613868,631683,91,5991441,475185,99,13956962,191238,66,546006,744478,76,1341138,691665,87,4027598,234157,0,,20,183224.0,15,195724.0,20,134708.0,25,907460.0,5,353296.0,17,250639.0,0,,138,279462.0,3,,29,56304.0,25,177020.0,25,247105.0,9,316007.0,76,98400.0,25,379126.0,236,136279.0,308,159596.0,217,144208.0,25,204173.0,32,26098.0,3648,1015.0,164,217171.0,25,446954.0,51,266547.0,40,312438.0,52,208778.0,25,584680.0,219,484468.0,8,257656.0,100,147472.0,35,266873.0,5,69416.0,197,85451.0,30,70026.0,25,42945.0,2,,126,104096.0,25,323170.0,25,183209.0,11,442594.0,0,,22,286893.0,15,14435.0,20,139356.0,10,929505.0,20,190440.0,50,222463.0,27,162320.0,537,21398.0,36,253715.0,120,40100.0,72,63827.0,1,,0,,106,53895.0,203,38560.0,1,81478.0,19,56952.0,511,53240.0,0,,91,81748.0,100,457542.0,271,473374.0,110,69917.0,25,263410.0,453,234407.0
M a z i,2025-11-30,2152,287063164,212018,99,13111949,399960,99,13035852,395392,99,31397463,109460,99,27218344,251314,99,19571514,316318,77,1607374,718382,99,17117192,225021,99,14950795,96620,99,15301874,58070,99,13258341,109243,99,13113115,113930,99,13104283,216748,90,5506395,357189,90,5522134,221258,98,12232651,179896,91,6166097,229595,82,2575867,379382,85,3346256,411807,96,9696314,305466,99,38656799,15886,80,2030676,361914,90,5565993,229534,84,2975886,430532,0,,0,,153,142146.0,0,,11,1066602.0,0,,1,,0,,42,321499.0,5,353928.0,0,,1,,3,,7,330642.0,0,,1,,87,254085.0,77,428510.0,95,240767.0,0,,0,,0,,127,246406.0,10,542014.0,1,,0,,1,,138,256958.0,1664,179926.0,15,222973.0,1,,1,,3,114594.0,0,,0,,0,,0,,0,,0,,18,203682.0,0,,0,,14,389199.0,0,,0,,0,,0,,0,,0,,0,,29,268900.0,0,,0,,0,,118,252288.0,0,,0,,0,,2,,0,,7,253614.0,3,,100,459299.0,472,314739.0,0,,0,,1900,57140.0
I Need Heals,2025-11-30,2032,179031332,382592,99,21267382,93677,99,18741514,83902,99,22284816,184832,99,25202045,286270,94,8555692,796709,85,3298803,413437,96,10230682,623682,99,13805965,144199,80,2060969,776427,92,6548608,395240,85,3536814,487015,80,2030954,1014829,85,3319661,492224,90,5438252,228054,80,2134134,677525,86,3662184,377817,85,3390016,296905,91,6106546,287081,94,8757261,345603,86,3654770,640286,71,869462,585161,71,850786,960774,85,3284016,330532,0,,0,,0,,0,,258,256192.0,0,,14,259906.0,0,,260,219822.0,0,,0,,0,,5,383121.0,0,,0,,56,141944.0,0,,7,666665.0,28,364338.0,0,,0,,0,,12,469425.0,40,363365.0,0,,0,,214,86488.0,401,94757.0,1522,198788.0,0,,23,265709.0,0,,0,,0,,0,,0,,0,,0,,0,,5,277272.0,0,,0,,5,590360.0,0,,0,,0,,0,,0,,0,,0,,0,,0,,0,,0,,162,229726.0,0,,0,,0,,0,,0,,5,267630.0,0,,7924,3489.0,47,1279732.0,0,,0,,23,478236.0
MasonJarr,2025-11-30,2032,178981569,382593,99,13869965,294664,99,13211232,322748,99,13700323,468045,99,19857163,413202,99,13202324,582212,90,5680848,279493,99,13043100,504305,99,13125897,263841,99,13263687,146141,85,3264924,627888,99,13808819,66383,80,2030121,1015225,80,2192074,641241,91,5920695,206161,85,3423297,470575,80,2062478,545311,75,1245884,784456,70,749478,1087443,92,6718502,434983,99,15840487,121826,66,531437,753778,76,1392312,673986,71,846522,900065,0,,0,,0,,0,,29,866884.0,0,,0,,0,,0,,0,,0,,0,,0,,0,,0,,0,,0,,0,,0,,0,,0,,0,,6,517939.0,97,252508.0,16,355604.0,65,183269.0,0,,61,408602.0,1239,241971.0,0,,0,,0,,0,,0,,0,,0,,0,,0,,0,,0,,0,,0,,10,465079.0,0,,0,,0,,0,,0,,0,,0,,0,,0,,0,,0,,0,,0,,0,,0,,0,,0,,0,,0,,50,571726.0,123,817705.0,0,,0,,0,
I JOKE,2025-11-30,2049,218318363,355168,99,22570662,80092,99,14873108,183913,99,18847486,239766,99,34765954,162250,99,30408657,173053,81,2255255,527849,99,14226503,351635,99,13034844,425872,90,5617726,389178,99,13035179,260391,91,6089713,311673,80,2015481,1022456,83,2701740,558534,84,2957889,462048,96,10000085,201747,85,3316626,409739,77,1528305,622925,76,1398617,686463,93,7523213,394494,91,6450878,472308,74,1121416,520259,73,1074935,797088,82,2504091,641028,0,,0,,0,,0,,208,313418.0,0,,0,,0,,0,,340,68979.0,0,,11,240874.0,0,,11,299343.0,0,,0,,6,471113.0,49,499889.0,11,434643.0,0,,0,,0,,327,138736.0,111,231848.0,0,,43,292472.0,0,,0,,90,541425.0,0,,18,281062.0,0,,0,,0,,0,,0,,0,,0,,0,,0,,0,,0,,0,,0,,0,,353,49176.0,101,22267.0,406,73789.0,0,,0,,0,,0,,0,,0,,0,,209,12563.0,155,49765.0,0,,0,,6,154081.0,10,229052.0,0,,51,555901.0,118,839864.0,0,,0,,1166,107653.0
Im Neat,2025-11-30,2049,219385690,355162,99,13306545,355059,99,13293550,307246,99,19383777,229545,99,26154611,269064,99,19847069,310570,86,3693733,372279,99,18765113,182000,99,13034588,434715,71,886301,1364292,99,13068941,185418,76,1388736,946122,99,13081556,240976,99,13047935,207692,72,904792,992939,76,1362042,904400,99,13077768,116126,76,1352903,714408,72,973839,950669,99,13641018,169567,99,13118909,306586,67,556967,736333,73,1023135,822077,88,4421452,219610,0,,0,,293,113326.0,0,,9,1105546.0,0,,51,175415.0,0,,194,242754.0,2,,24,60414.0,18,215589.0,3,,8,323932.0,0,,89,84922.0,0,,0,,0,,0,,0,,1,,176,208991.0,0,,0,,23,466841.0,1,,466,79489.0,656,362038.0,28,189750.0,2,,0,,0,,0,,0,,0,,0,,0,,10,420912.0,20,200244.0,0,,0,,25,254818.0,0,,0,,0,,0,,0,,0,,1,,0,,1,,0,,0,,176,222551.0,20,215371.0,54,97791.0,0,,5,255038.0,1,,509,25669.0,10,223928.0,50,589379.0,53,1235320.0,0,,0,,124,374459.0
Gim Hassel,2025-11-30,2002,100159718,436123,82,2550614,1081256,80,1996209,1165303,92,7063805,986841,95,9193145,859953,98,12969893,629825,80,2151099,548627,90,5414053,1008288,81,2349964,899893,76,1381950,1009723,79,1868431,858648,77,1595765,868198,75,1271297,1245688,80,1998001,693569,85,3297282,412564,89,5142209,350302,85,3573617,392317,77,1489586,640612,92,6527648,264260,85,3591430,648639,93,7765343,424690,74,1177152,510901,82,2438234,461850,99,13167112,71051,0,,21,172295.0,0,,63,94211.0,51,729680.0,5,391070.0,0,,50,158620.0,0,,15,284376.0,0,,1,,1,,0,,0,,25,388833.0,0,,125,341821.0,0,,0,,0,,12,190590.0,89,288680.0,9,564164.0,0,,47,271391.0,5,351592.0,62,408387.0,0,,0,,16,291192.0,67,194137.0,0,,0,,0,,0,,1,,50,172451.0,0,,1,,98,151574.0,0,,5,616215.0,0,,1,,31,657948.0,5,343467.0,309,103115.0,0,,1,,36,254069.0,1,,0,,0,,0,,4,,78,80900.0,0,,6,221152.0,1,,0,,29,153490.0,50,602585.0,50,1261613.0,0,,56,182345.0,350,266371.0
Orthinus,2025-11-30,2002,100497409,436118,94,8189446,591170,90,5407313,682469,92,6693837,1013268,95,9485589,841710,91,5963913,975736,81,2400137,506562,89,4890309,1054389,89,4955945,665113,82,2531426,674208,78,1672849,890863,84,3135434,534990,85,3266736,818253,78,1683444,753058,84,2995530,449275,79,1942985,737584,85,3334382,407887,78,1717210,559681,82,2581968,476676,87,4309815,587549,99,14606252,159322,80,2020777,364046,86,3703658,315692,84,2993704,415937,0,,30,128809.0,0,,0,,353,181105.0,2,,0,,0,,0,,0,,0,,1,,4,,2,,0,,1,,3,,4,,1,,0,,0,,1,,7,508406.0,10,541969.0,65,236059.0,58,211582.0,2,,14,667535.0,0,,1,,1,,120,133118.0,0,,0,,1,,0,,0,,0,,180,87784.0,1,,50,242391.0,0,,18,337852.0,0,,0,,195,120537.0,0,,0,,17,205528.0,1,,0,,1,,0,,0,,0,,0,,0,,0,,1,,1,,0,,0,,220,328957.0,157,706292.0,0,,134,106918.0,1,
VoidTrinity,2025-11-30,2278,425452843,83866,99,24028865,68237,99,18062161,94665,99,58081193,41114,99,58409942,59510,99,52521684,72707,99,13502522,40977,99,29926316,61955,99,13134530,258572,92,6587015,347245,99,14022622,50888,91,6101443,310674,91,6066214,533906,99,13440945,112931,99,13085943,102556,90,5487982,332449,98,12087066,153772,86,3854166,254170,91,6409062,268476,99,24969218,30896,99,13708623,209104,90,5371789,178876,99,13037573,127610,99,13115470,93292,290,179473.0,192,15386.0,4211,1397.0,52,99915.0,38,804352.0,5,346191.0,0,,127,97930.0,509,152776.0,28,243472.0,36,51881.0,106,58473.0,31,186411.0,161,114655.0,51,124757.0,25,332797.0,214,147679.0,211,232202.0,216,144876.0,25,183770.0,43,24217.0,300,65725.0,102,271982.0,183,178294.0,381,58557.0,79,138441.0,340,41061.0,404,94076.0,1466,206773.0,795,19363.0,165,96412.0,25,311535.0,8,38681.0,451,54016.0,64,45852.0,110,24175.0,5,382769.0,432,29726.0,1080,17836.0,25,169692.0,267,56300.0,0,,51,69903.0,220,660.0,9,160464.0,109,251975.0,5,336782.0,20,257859.0,43,123791.0,176,38138.0,234,83876.0,169,34639.0,11,97111.0,0,,94,261437.0,15,237844.0,91,73626.0,10,8798.0,24,36470.0,975,33958.0,11,225543.0,3,,542,172467.0,236,531253.0,659,14852.0,25,261714.0,235,310625.0
Anelruiner,2025-11-30,2278,425282614,83883,99,16187582,187208,99,13441786,285729,99,61922849,36851,99,47219015,91034,99,30048490,176056,99,13456858,46081,99,23284814,111517,99,13658931,155722,99,13956428,87656,99,13035000,262376,99,13044480,147021,99,13057522,276598,99,13059530,199349,99,13065791,112160,99,13047133,154909,99,13035055,142417,99,13613143,38104,99,13062876,169974,99,16362620,101053,99,14888482,148798,99,13078403,73827,99,16699729,32906,99,13056097,127194,774,101737.0,0,,0,,1931,5213.0,7,1134213.0,0,,1246,17820.0,0,,0,,2,,0,,67,84195.0,715,4916.0,2,,55,119265.0,222,27341.0,1,,1,,1,,35,85992.0,0,,1,,40,371435.0,2,,26,326359.0,81,132524.0,78,173821.0,51,447492.0,2098,132862.0,16,218881.0,2,,0,,1,228461.0,0,,0,,0,,0,,0,,42,232296.0,94,63108.0,0,,0,,39,128464.0,0,,2585,2574.0,395,40916.0,0,,0,,0,,1,,70,201884.0,1,,0,,0,,314,178004.0,2,,1,,1,91635.0,2,,1,,11823,93.0,1900,2559.0,37,641597.0,278,463167.0,0,,0,,1,
PRlDE EVENTS,2025-11-30,2051,156141180,352781,98,12661270,471995,85,3539720,835768,99,13503926,497882,99,19599268,420591,99,19125421,326160,83,2688228,468429,97,11015614,586740,92,6852936,556186,88,4667637,439242,86,3941499,562686,88,4573883,410981,90,5538111,566821,90,5662792,349182,84,3106932,435524,85,3458120,465323,88,4750713,323477,84,2995505,340473,80,2143356,543715,89,5114472,529241,99,13293297,262179,82,2538115,306669,82,2471906,456878,83,2898459,454370,0,,0,,0,,0,,150,406605.0,0,,0,,28,191471.0,0,,17,275451.0,0,,0,,0,,29,245861.0,44,137899.0,0,,92,248358.0,69,447147.0,96,240000.0,0,,0,,0,,0,,413,102703.0,8,387871.0,26,430233.0,28,255948.0,18,631118.0,240,475110.0,0,,0,,0,,2,122098.0,141,99122.0,0,,0,,0,,93,126196.0,45,223794.0,0,,22,357656.0,0,,17,351848.0,0,,0,,33,639467.0,0,,0,,0,,18,81383.0,0,,0,,0,,0,,0,,70,92645.0,23,133242.0,1,96963.0,5,232005.0,0,,5,268237.0,27,157873.0,425,213828.0,230,540697.0,90,77264.0,0,,2547,36123.0
BarelyTalked,2025-11-30,2051,156829453,352766,90,5735229,717145,87,4099051,784747,99,13038067,685161,99,15789524,545831,99,13298754,569597,99,13076976,129864,96,10231695,623632,90,5473334,623142,87,3976124,498994,84,3061201,645185,86,3677076,473685,99,14535708,67904,90,5468831,359864,81,2282333,533300,79,1909788,743073,91,6401240,222951,83,2793801,355792,79,1844212,594233,87,3977182,616569,99,17373727,93774,74,1113913,521645,87,4195193,286191,85,3476494,282166,0,,0,,0,,0,,9,1093883.0,10,155905.0,0,,0,,0,,0,,0,,212,28398.0,121,51652.0,1,,0,,34,243949.0,23,386135.0,32,551531.0,16,406926.0,0,,0,,0,,0,,50,339297.0,830,20392.0,52,241289.0,41,235109.0,146,246436.0,0,,0,,0,,0,,2,122551.0,0,,0,,0,,5,315981.0,0,,0,,3,,0,,0,,6,554666.0,0,,0,,358,48016.0,227,4292.0,1,,0,,0,,60,214978.0,0,,0,,0,,0,,2,,0,,0,,1,,0,,0,,0,,77,489958.0,401,359847.0,0,,417,32984.0,994,130645.0
Keta Me N U,2025-11-30,2119,167836029,254732,99,14013865,284275,99,13287371,308342,99,15320116,345506,99,20714897,389317,99,16301829,405093,88,4488820,336764,99,16997376,228587,99,13063933,332040,94,8560039,297900,91,5902849,442327,84,2952729,560434,83,2735278,878002,85,3260881,506574,84,3051064,440892,85,3391557,475931,80,2025005,554130,83,2816516,353784,86,3599906,394823,79,1911269,866678,86,3656118,640143,78,1784434,398969,87,3978372,299127,85,3412315,289784,0,,38,107188.0,0,,0,,2,,22,79254.0,636,34725.0,184,75432.0,0,,34,230672.0,91,33641.0,72,79793.0,1,,16,281381.0,0,,1,,0,,2,,0,,0,,0,,320,62779.0,35,384439.0,90,260138.0,0,,15,571856.0,160,111740.0,59,417720.0,0,,4,,1,,84,170235.0,0,,40,151009.0,0,,0,,22,73749.0,67,146655.0,35,264546.0,88,65925.0,68,197237.0,0,,6,574366.0,0,,0,,75,379124.0,0,,0,,122,49938.0,5,97461.0,215,92830.0,1,,52,70240.0,0,,0,,44,139684.0,47,103829.0,0,,2,,42,122709.0,25,177440.0,52,114625.0,302,273957.0,113,864211.0,145,60865.0,0,,266,297181.0
GIM g p,2025-11-30,2119,169548061,254713,99,13172650,381769,93,7822891,523371,99,17755556,264230,99,22862458,335875,99,19581782,316112,81,2397218,506853,99,13040552,506427,94,8399529,512671,84,3079805,606579,90,5580794,458109,88,4654706,406594,77,1527796,1153477,81,2233382,630255,83,2694740,492915,94,8204784,234024,85,3295530,412447,80,2104942,460390,97,11068917,197104,86,3947883,618447,91,6037663,490858,78,1767290,400928,87,4195537,286174,85,3338043,307235,0,,37,109603.0,0,,0,,159,389677.0,0,,8,291972.0,0,,0,,263,85815.0,2,,1,,1,,0,,0,,34,246834.0,0,,21,599177.0,0,,0,,109,17508.0,1,,0,,1,,0,,82,131814.0,78,174273.0,0,,0,,0,,0,,363,20466.0,0,,0,,0,,0,,0,,0,,63,180830.0,1,,12,435127.0,0,,12,438206.0,1,,0,,79,364509.0,1,,80,196525.0,239,20891.0,1,,357,42720.0,1,,27,82197.0,0,,0,,12,257321.0,46,104891.0,0,,1,,6,155757.0,102,92404.0,143,58163.0,21,683722.0,47,1282829.0,58,86138.0,20,279253.0,398,251352.0
GIM Jflas,2025-11-30,2168,284698720,193723,99,13661410,312244,99,13992990,234380,99,25108267,154017,99,39944778,125329,99,55083666,66843,86,3690784,372526,99,17813085,205153,95,8972541,496909,86,3841236,509502,91,5997547,425542,91,5904445,349438,99,13299274,146128,96,10359518,245787,86,3770614,345545,89,4899865,359928,96,9970438,165653,83,2838044,352009,91,6137464,283975,99,15477208,117793,99,13140525,299976,86,3599160,253285,81,2413206,466194,88,4766168,211283,659,115308.0,33,120096.0,567,73631.0,2077,4523.0,53,717841.0,13,127338.0,27,217045.0,204,69264.0,647,126096.0,10,310401.0,0,,31,146525.0,101,62737.0,533,40205.0,30,158804.0,253,22976.0,596,50647.0,725,50820.0,540,57684.0,25,169240.0,0,,170,89237.0,763,55123.0,149,200554.0,268,85447.0,65,184724.0,56,200424.0,436,85994.0,1555,194224.0,60,147640.0,149,105198.0,168,100621.0,4,78472.0,0,,0,,0,,5,377920.0,293,49589.0,46,222275.0,29,142404.0,69,194060.0,0,,29,210330.0,0,,8,162576.0,100,284372.0,16,216080.0,781,25153.0,78,78280.0,70,54614.0,190,106114.0,5,88147.0,0,,0,,237,199702.0,154,26676.0,65,88950.0,0,,9,148655.0,355,62854.0,104,90974.0,109,71196.0,129,415611.0,642,74869.0,0,,0,,1416,84795.0
StonedEwok,2025-11-30,2168,284337159,193724,99,13344472,349155,99,13100609,353522,99,13813001,453920,99,20491547,395488,99,16487200,398689,88,4434869,339406,95,9213075,687629,99,31185202,18872,99,45340312,6832,99,13051400,212791,99,13066904,132243,99,14760849,61955,95,8915586,259479,85,3403113,397279,99,13290151,111007,85,3360402,404815,84,2951944,345122,91,5928647,309567,99,13087221,205608,99,13606762,218439,81,2196579,340449,91,6041659,214535,85,3265655,341892,0,,0,,0,,0,,137,432802.0,9,173149.0,43,186520.0,0,,0,,0,,0,,0,,0,,210,95502.0,34,150944.0,0,,0,,0,,0,,0,,0,,0,,17,441227.0,620,73376.0,164,132957.0,94,102694.0,11,301559.0,569,62161.0,4200,31108.0,0,,0,,0,,0,,0,,0,,0,,22,71122.0,0,,293,61223.0,0,,145,102907.0,0,,36,148369.0,0,,0,,346,50938.0,0,,0,,0,,0,,0,,0,,0,,0,,205,208473.0,0,,0,,0,,17,64565.0,0,,0,,0,,255,303355.0,447,331559.0,0,,274,54458.0,0,
Pender4,2025-11-30,2019,123848278,405316,97,11005634,504793,90,5852219,628302,96,9705736,834732,99,14921275,578410,98,12409725,643196,84,3031409,441133,93,7299900,870049,88,4497374,690075,79,1817427,853016,79,1809103,867557,75,1283160,991449,80,2004820,1030913,79,1800319,732724,78,1641829,644922,77,1578064,824776,86,3918457,357721,74,1127329,871067,75,1272637,745335,95,9158076,326541,99,21539482,54866,72,945747,560660,86,3655145,319479,73,1002209,843454,71,232275.0,0,,539,76886.0,9,160079.0,11,1067350.0,2,,0,,0,,50,316655.0,11,303727.0,0,,1,,1,,5,350346.0,4,,49,177009.0,68,281827.0,130,333860.0,72,271629.0,0,,0,,5,206622.0,46,358542.0,64,301716.0,431,50660.0,126,57857.0,38,240062.0,613,56657.0,626,369554.0,0,,45,218261.0,18,353324.0,1,231100.0,0,,0,,0,,12,146557.0,4,,40,238206.0,1,,121,121673.0,0,,22,288325.0,0,,0,,175,139466.0,0,,0,,20,198180.0,1,,264,71245.0,1,,10,98712.0,0,,0,,91,68368.0,32,120677.0,0,,12,108621.0,1,,0,,48,121253.0,443,206554.0,83,1006468.0,0,,7,324597.0,34,460716.0
Slippur,2025-11-30,2019,123692927,405320,86,3965092,881243,82,2440648,991209,90,5669367,1110796,94,8432410,912176,95,8914231,777398,80,2070855,572329,90,5462547,1002905,90,5481840,622466,86,3746985,517421,90,5695583,450771,91,5907852,344824,99,13124606,198786,90,5601439,351996,84,2981698,452627,97,11222057,188728,86,3620232,383871,78,1646856,580938,80,2043010,560264,83,2851427,724360,99,14585488,160154,79,1850766,389574,85,3356405,343602,84,3021533,397996,0,,25,149053.0,0,,0,,101,527959.0,0,,0,,33,182867.0,0,,70,181250.0,0,,1,,5,389724.0,3,,0,,26,309654.0,6,470674.0,50,498013.0,20,393243.0,25,191477.0,0,,4,,1,,12,527333.0,0,,94,103977.0,1,,1,,0,,1,,1,,252,56770.0,0,,0,,0,,0,,1,,0,,4,,1,,19,379074.0,0,,4,,0,,0,,132,199862.0,27,146811.0,401,75504.0,26,167175.0,4,,233,84639.0,1,,7,104844.0,0,,0,,17,227522.0,36,115342.0,0,,1,,1,,0,,3,,43,627340.0,208,579763.0,0,,0,,1,
Captfullsend,2025-11-30,2116,204202970,258369,99,13151349,387602,97,11650146,426023,99,13051483,662338,99,22538396,343349,99,14953668,459008,99,13173284,85316,99,14732673,320939,88,4688430,680920,99,16396123,47449,99,13151379,135823,83,2794576,582006,99,13040153,347573,99,13112834,174350,93,7735675,170809,75,1242739,963078,86,3803736,363962,77,1479675,646539,82,2476918,490645,86,3599912,647866,99,13218992,278741,71,863481,587213,77,1512135,640344,79,1816939,734161,0,,0,,0,,0,,5,1177625.0,0,,47,182195.0,0,,0,,3,,0,,479,7671.0,12,312180.0,1,,3,,0,,0,,0,,0,,0,,0,,1,,24,417634.0,14,514612.0,0,,42,302445.0,0,,22,609648.0,0,,1,,1,,1,,1,207921.0,0,,0,,0,,0,,0,,0,,0,,47,252209.0,0,,10,475629.0,0,,0,,24,728843.0,0,,0,,82,75335.0,1,,6,337418.0,68,50130.0,0,,0,,0,,17,229294.0,0,,0,,36,15058.0,1,,5471,587.0,370,24245.0,0,,25,1482424.0,45,90847.0,101,130727.0,0,
Swales,2025-11-30,2116,204618816,258361,99,13429697,337409,99,13686533,259510,99,14486207,393349,99,18022077,469213,99,14034260,508837,88,4623601,332330,99,13974209,369884,99,13049722,361274,96,9686015,281001,92,6732609,385573,91,5992491,322013,99,13051825,295319,99,13035549,222625,84,3082832,437545,85,3513024,457830,99,13041209,132959,78,1763174,549157,80,2022648,564660,87,4059530,609029,99,15948034,119462,78,1650026,420339,84,2974090,383046,83,2759454,509700,0,,0,,0,,0,,16,1001992.0,0,,0,,0,,0,,0,,0,,0,,0,,0,,0,,0,,0,,0,,0,,0,,0,,0,,0,,0,,0,,6,765229.0,0,,0,,0,,0,,0,,0,,0,,0,,0,,0,,0,,0,,0,,0,,0,,0,,7,532997.0,0,,0,,0,,53,68361.0,112,178308.0,0,,0,,0,,0,,0,,0,,0,,0,,0,,0,,8,160715.0,0,,0,,0,,65,511665.0,576,177546.0,0,,0,,0,
qwpr,2025-11-30,2119,206456706,254274,96,10417083,519402,89,5157149,723027,99,13086400,630009,99,15722974,548238,99,13421394,556413,84,3005641,443201,92,7041602,884863,99,13121639,266639,99,13691370,102245,99,13094358,162659,99,13035208,169986,99,13043013,333406,99,13034606,227659,99,13035004,139265,99,13092745,140540,81,2302188,507272,81,2274411,424464,84,3067147,434667,92,6706152,435623,99,13267996,267403,67,560053,734183,80,2175982,505186,84,3102591,364406,0,,964,2249.0,70,167467.0,0,,49,743330.0,0,,0,,0,,46,318861.0,46,210285.0,0,,36,130711.0,0,,36,230881.0,0,,10,498931.0,85,256885.0,117,354191.0,99,236513.0,0,,0,,320,62682.0,47,355524.0,35,380724.0,620,31293.0,83,127348.0,0,,327,119018.0,2191,124431.0,25,194199.0,0,,0,,0,,0,,0,,0,,0,,0,,0,,0,,0,,0,,9,487158.0,0,,0,,0,,50,75028.0,0,,0,,0,,0,,0,,162,45829.0,0,,0,,85,73831.0,94,72036.0,0,,12,108139.0,0,,32,162704.0,318,28425.0,211,336152.0,236,530707.0,0,,64,169825.0,70,416107.0
SlaynGucci,2025-11-30,2119,205458945,254284,99,13905528,291908,99,13579884,270011,99,14285618,408357,99,22052859,355022,99,14817048,465517,99,13038873,174913,99,13569756,405851,99,13034620,431884,92,6530518,350617,99,13040604,235822,97,11526713,193071,87,4336986,675299,86,3639216,457245,86,3634282,368388,86,3624877,444927,85,3394947,401635,85,3323995,307012,91,5914652,314244,99,13065519,208786,93,7801875,423812,87,3998127,217730,71,870704,940789,82,2471744,654781,0,,0,,0,,0,,195,332473.0,0,,18,247030.0,0,,211,234787.0,0,,0,,11,244297.0,9,350192.0,220,92312.0,82,93538.0,77,99047.0,254,127766.0,242,204501.0,197,155013.0,0,,0,,0,,252,167986.0,39,366440.0,0,,0,,375,36430.0,469,78733.0,2661,89555.0,68,140746.0,30,246859.0,0,,0,,0,,0,,0,,0,,0,,0,,0,,0,,0,,11,440369.0,0,,0,,0,,0,,0,,0,,0,,0,,0,,0,,0,,299,183411.0,0,,0,,0,,0,,0,,74,110399.0,0,,0,,5,1751496.0,0,,0,,54,431432.0
BigLadChad69,2025-11-30,2012,154838287,416686,94,8397645,584200,93,7924302,520857,98,11908758,745509,99,17653625,481898,99,15702648,426973,77,1476684,842167,98,12653088,529924,99,14093215,127564,91,6231048,361183,98,12663368,290197,99,13034825,172162,83,2863630,862993,89,4907713,387602,90,5387152,234018,82,2597756,587027,76,1393086,703798,81,2258782,427351,75,1282116,739660,90,5396445,511433,83,2688169,735260,63,380017,893308,69,668336,1178167,85,3275879,335615,0,,0,,0,,0,,0,,0,,0,,0,,0,,234,93687.0,0,,0,,0,,0,,0,,0,,155,186101.0,238,207809.0,136,198703.0,0,,0,,0,,290,152263.0,0,,0,,0,,5,345026.0,190,200442.0,462,410797.0,0,,0,,0,,0,,0,,0,,0,,0,,0,,27,292831.0,7,257225.0,0,,0,,14,392358.0,0,,0,,0,,0,,0,,0,,0,,0,,0,,0,,0,,0,,0,,0,,0,,11,115937.0,0,,0,,0,,937,93403.0,143,750194.0,0,,0,,0,
ChiefFisher2,2025-11-30,2012,154606421,416690,99,13567924,321510,99,13235885,317761,99,13973779,436501,99,19402400,426305,95,9562951,745589,81,2235500,531428,95,8966693,709128,99,13500214,171762,86,3598975,534243,99,13812528,59178,79,1943979,787075,89,4843841,643305,88,4410518,406883,76,1443923,688740,77,1593480,820273,80,2117349,534562,73,1039051,940501,75,1216681,788512,99,13100012,203876,90,5730629,505920,73,1040690,536249,80,2001946,546592,81,2267473,692313,0,,0,,0,,0,,43,772004.0,0,,0,,0,,0,,0,,0,,0,,0,,0,,0,,83,91002.0,0,,0,,0,,25,177760.0,0,,0,,0,,167,187424.0,0,,23,461239.0,0,,123,277821.0,6234,8960.0,0,,0,,0,,0,,0,,0,,0,,18,90692.0,0,,132,109249.0,0,,77,180100.0,0,,32,183489.0,0,,0,,72,392745.0,0,,0,,0,,0,,0,,0,,0,,0,,138,243587.0,0,,0,,0,,0,,0,,0,,0,,7,727567.0,232,538333.0,0,,0,,0,
Flz,2025-11-30,2349,619003991,29260,99,28802029,42078,99,32130324,14364,99,62083245,36682,99,82228287,27972,99,76098323,35459,99,13861221,23085,99,36727768,37383,99,16590210,67549,99,16951604,43477,99,15092580,30625,99,20519955,17270,99,18421598,28382,99,16340593,15139,99,13495539,42005,99,13082355,143755,99,14896039,20926,99,13273490,60992,99,17388400,38973,99,25772535,28215,99,44553255,12107,99,13066168,81025,99,13393458,72694,99,13335346,33507,184,198804.0,276,8875.0,925,40639.0,473,29416.0,895,35851.0,9,178919.0,666,33253.0,56,149071.0,3000,10579.0,1725,4892.0,1,,148,43942.0,154,40755.0,210,95626.0,941,9702.0,320,16078.0,446,72014.0,525,81376.0,439,73411.0,237,1587.0,0,,76,124802.0,320,141264.0,449,96601.0,543,37469.0,145,42959.0,113,142992.0,522,69114.0,1962,146448.0,570,30856.0,306,50126.0,60,205857.0,5,61949.0,715,38486.0,186,20053.0,0,,28,53974.0,128,103083.0,1161,16307.0,1372,3436.0,305,49045.0,0,,82,15104.0,0,,674,19051.0,123,216754.0,62,52585.0,153,159524.0,42,124171.0,1103,9801.0,61,213548.0,1057,6047.0,142,48919.0,0,,515,131718.0,7,290039.0,10,164628.0,0,,31,21175.0,2149,9271.0,600,21590.0,618,13078.0,1114,72610.0,620,104324.0,245,43990.0,936,10571.0,2430,39077.0
Bicep Bro,2025-11-30,2349,626607638,29253,99,19090038,123030,99,25143915,31784,99,103518234,14017,99,95773716,19248,99,93711974,22049,99,13066353,138780,99,36488074,37988,99,13998764,132506,99,26540926,17666,99,13189076,124453,99,17259948,27626,99,15549431,47963,99,13173207,155998,99,13088010,101711,99,13454622,97932,99,13473593,51150,99,13135592,76894,99,13327357,124591,99,16749513,94942,99,15091849,142261,99,13717815,35307,99,13959015,57877,99,13130554,86207,197,194858.0,25,151734.0,0,,0,,609,79934.0,4,,4,,0,,1162,63151.0,471,49791.0,178,20560.0,4,,26,205424.0,141,124593.0,36,148237.0,1,,1031,22898.0,941,34145.0,1110,20487.0,25,132075.0,656,3143.0,29,167618.0,19,432906.0,26,421309.0,153,140267.0,31,381772.0,105,149186.0,438,85510.0,1355,223359.0,36,176843.0,34,239392.0,0,,0,,373,60698.0,50,54210.0,0,,1,,0,,39,240767.0,36,123616.0,10,484241.0,0,,12,427573.0,1,,0,,10,905289.0,129,13463.0,657,33968.0,0,,143,41466.0,0,,13,76907.0,1826,2146.0,56,18196.0,1253,54608.0,173,20535.0,500,10271.0,10,8796.0,13,96604.0,668,45468.0,1,,11,212903.0,155,387098.0,251,504996.0,468,24126.0,134,106758.0,1366,88819.0
No brujas,2025-11-30,2008,520164627,422915,99,62105748,5278,99,25847982,29002,99,86592226,20024,99,113083598,12321,99,122325969,10879,90,5813378,274262,99,36155430,38876,95,9322331,489308,73,1082415,1190375,99,13068362,186143,74,1107152,1066325,75,1224820,1306013,99,13218833,145364,78,1773064,615800,82,2558702,593326,90,5887590,243520,80,2150931,450528,78,1630353,628338,84,3219448,687703,93,7436918,434765,65,457471,823095,75,1289198,709132,83,2812708,476869,0,,0,,0,,35,113573.0,26,896289.0,15,113899.0,137,107961.0,33,181462.0,0,,917,19495.0,86,34773.0,36,132991.0,10,340064.0,50,209140.0,30,158980.0,25,362154.0,14,420771.0,51,494511.0,16,408812.0,11,321252.0,12,31191.0,132,100156.0,653,68238.0,25,478727.0,79,214883.0,8,709381.0,109,146182.0,25,586626.0,0,,476,38566.0,9,328823.0,5,421372.0,0,,5603,2372.0,0,,13,47533.0,0,,94,125663.0,65,177976.0,10,239706.0,0,,0,,3,,1,,19,143248.0,24,721561.0,94,26184.0,348,90649.0,0,,1,,570,13365.0,5,89601.0,1156,5720.0,62,17534.0,0,,210,12455.0,463,11901.0,1,60087.0,6,210030.0,38,124623.0,3,,1,,5084,6621.0,4,,117,68060.0,0,,125,373616.0
TheBlxde,2025-11-30,2008,410026721,422921,99,14625034,248238,99,13674130,260716,99,22321704,184356,99,83719963,26834,99,172701837,3815,90,5351200,313073,99,29750071,62815,99,13045286,373337,87,4195643,471127,97,11489692,296792,69,686363,1420401,85,3469245,761152,89,5051831,382670,78,1691661,630472,85,3541216,454532,81,2371324,500421,77,1514386,628869,71,883666,1017103,81,2412222,781456,99,13080743,318366,67,581850,720008,76,1372766,680148,82,2494888,644680,0,,0,,0,,0,,0,,0,,21,231905.0,0,,0,,0,,0,,0,,0,,0,,0,,0,,0,,0,,0,,0,,0,,0,,0,,0,,101,187142.0,31,379660.0,0,,59,416596.0,0,,0,,0,,0,,0,,0,,0,,0,,0,,17,214027.0,40,238662.0,0,,0,,0,,0,,0,,0,,0,,14,233229.0,0,,0,,0,,0,,0,,0,,0,,0,,35,161425.0,172,45343.0,0,,6,203764.0,0,,9,236100.0,18,189040.0,45780,95.0,160,697124.0,0,,7,321894.0,6480,6751.0
WiltingLilyy,2025-11-30,1968,67608503,491310,83,2805457,1032135,83,2673326,957467,88,4425534,1267344,88,4672946,1232699,85,3455655,1260382,81,2361974,511132,89,5275652,1024056,85,3465435,762372,80,2139870,752703,83,2821084,666983,81,2311769,685791,88,4591705,655948,77,1595970,774042,79,1803130,611355,82,2588365,588480,81,2381157,499456,82,2598234,376941,77,1590222,635295,80,2065316,837249,80,2132361,808097,79,1840426,390941,89,5151482,248451,81,2291368,691390,0,,0,,0,,0,,260,254725.0,7,227177.0,0,,0,,0,,0,,0,,0,,1,,0,,0,,25,364089.0,9,452494.0,103,379480.0,6,471971.0,12,318003.0,0,,0,,0,,25,474555.0,0,,5,796338.0,0,,25,593584.0,0,,0,,0,,260,53242.0,0,,0,,0,,0,,7,255359.0,0,,25,337293.0,0,,100,148075.0,0,,3,,0,,0,,130,203077.0,0,,0,,0,,0,,65,209121.0,0,,0,,0,,0,,0,,0,,0,,1,,0,,0,,0,,50,611954.0,240,524482.0,0,,0,,1,
W E B SLAY,2025-11-30,1968,73772768,491299,84,3073470,998129,83,2862174,931850,92,7140974,982588,91,6218964,1077171,91,6466827,933047,77,1577199,726405,83,2947246,1334468,85,3345698,775588,79,1907130,831607,76,1458487,947980,82,2522421,634469,80,2020700,1019825,86,3609542,461075,79,1892563,598597,83,2753065,563227,80,2085696,539962,81,2208141,438168,86,3938366,377462,91,6209310,461864,86,3701175,635736,58,234594,1114076,81,2204108,499545,82,2492867,645458,0,,25,151983.0,0,,0,,185,347344.0,0,,0,,0,,120,286282.0,0,,0,,0,,0,,0,,0,,0,,0,,35,544113.0,0,,0,,0,,0,,0,,0,,50,281941.0,40,316652.0,1,,0,,100,538968.0,0,,78,170318.0,328,28985.0,0,,0,,0,,0,,1,,0,,0,,0,,5,532783.0,160,4201.0,8,525620.0,0,,0,,71,397008.0,0,,0,,25,185348.0,0,,75,197096.0,0,,0,,0,,0,,0,,0,,0,,17,68627.0,0,,0,,0,,0,,63,1147958.0,0,,0,,0,
Pro B,2025-11-30,2222,238583519,139418,99,13716876,307225,98,12332454,414896,99,21075913,201198,99,32226807,186351,99,22363580,265252,99,13087529,122869,99,21019330,140702,90,5347359,649295,85,3398480,557150,99,13259130,109095,85,3328945,509415,91,5913610,543681,89,4843301,390874,89,4972285,257230,88,4407945,384142,88,4388320,335365,85,3314325,309372,85,3340489,412381,95,8898249,338516,99,13055937,327546,90,5503310,172761,85,3311581,348629,93,7416315,157971,64,233341.0,0,,552,75312.0,1,,7,1137456.0,1,,2,,11,242791.0,5,369157.0,1,,0,,6,295057.0,4,,5,349571.0,203,48009.0,14,459955.0,54,308056.0,49,501961.0,51,310671.0,0,,0,,5,205406.0,10,481698.0,29,408358.0,102,186213.0,15,577208.0,76,176344.0,87,343438.0,104,532403.0,6,273422.0,63,188203.0,0,,2,142784.0,6,207147.0,0,,0,,1,,0,,0,,1,,86,165688.0,0,,52,66226.0,1,,1,,0,,0,,0,,0,,2,,0,,4,,0,,0,,30,295436.0,77,83721.0,115,62976.0,3,22283.0,16,74864.0,7,153458.0,0,,8,231090.0,72,499001.0,269,476699.0,100,74637.0,0,,12,504681.0
JarSSu,2025-11-30,2222,235563485,139432,98,12102049,481635,97,11056885,435545,99,13967779,437138,99,19387634,426753,98,11805726,661336,90,5364645,307243,98,11808572,557030,99,13202625,228786,99,13542380,113896,99,13214400,118318,87,4029919,446753,99,13053653,288865,99,13463841,110558,90,5348274,243018,99,13128236,132714,85,3335775,407583,80,2083755,465784,81,2372485,507483,97,11403688,252922,99,24886983,39444,76,1412445,474367,97,11319161,142744,85,3283231,330997,200,194193.0,85,48074.0,36,183442.0,0,,247,268474.0,11,148807.0,0,,0,,138,279332.0,0,,0,,25,173910.0,64,97080.0,0,,0,,25,333370.0,0,,0,,0,,94,15672.0,0,,0,,6,514847.0,60,309636.0,0,,246,14543.0,2,,98,321877.0,1948,147919.0,1,,4,,639,1382.0,3,100975.0,0,,0,,0,,23,70443.0,0,,42,232911.0,1,,56,224855.0,0,,43,106872.0,0,,0,,79,364248.0,0,,0,,0,,0,,227,87179.0,0,,0,,0,,321,175721.0,0,,0,,0,,4,,0,,0,,0,,58,528760.0,97,943176.0,0,,0,,24,477527.0
Trump3rdTerm,2025-11-30,2002,121042889,435774,92,6517355,667446,99,13034805,400311,99,14748947,375973,99,14789234,583843,92,6522367,928902,84,3073525,438270,90,5350536,1017589,91,6482610,573130,91,6237841,360937,74,1181362,1046313,91,5902831,354916,80,1986347,1061496,88,4558890,399513,83,2682116,496845,92,7143640,267802,82,2497645,483292,80,2126972,455235,80,2021038,564992,88,4444038,577061,81,2328232,778783,81,2228248,336031,80,2185369,503932,84,2998941,412241,0,,6,233178.0,0,,0,,182,351426.0,0,,0,,767,15413.0,0,,0,,0,,0,,0,,0,,0,,48,179613.0,0,,143,313588.0,0,,0,,0,,0,,0,,0,,0,,17,543472.0,0,,0,,280,465806.0,0,,0,,290,41298.0,0,,0,,0,,0,,0,,0,,0,,0,,0,,0,,5,610416.0,0,,0,,376,44376.0,0,,0,,0,,0,,90,180781.0,0,,0,,0,,0,,0,,0,,0,,0,,0,,0,,0,,0,,110,879827.0,0,,0,,0,
bagelberg,2025-11-30,2002,121025802,435776,86,3696672,902217,83,2762717,942807,87,4316712,1278576,88,4778556,1220484,85,3569753,1243065,77,1532751,746341,97,10988028,587887,99,13093465,290430,97,10852791,268084,98,12714719,289980,82,2534975,631569,99,13076860,246072,81,2237767,629405,78,1647530,642935,99,13085916,142466,80,2005699,560192,83,2766043,358391,77,1576363,637888,77,1526144,949548,86,3897620,618945,78,1635625,423630,79,1866320,570897,89,4859560,209858,0,,0,,0,,0,,161,385430.0,5,297928.0,0,,0,,0,,0,,0,,1,,1,,0,,62,110684.0,1,,0,,0,,0,,0,,0,,1,,3,,12,524092.0,41,294059.0,18,522005.0,1,,123,277368.0,0,,0,,0,,1,,1,186099.0,0,,0,,0,,0,,0,,235,72371.0,1,,0,,0,,3,,0,,0,,83,346138.0,0,,0,,0,,1,,18,299514.0,1,,0,,0,,0,,0,,0,,0,,1,,1,,0,,0,,95,466035.0,617,108422.0,0,,1,,1,
FallenFlox,2025-11-30,2016,201271944,409338,99,19159980,121897,99,17714795,100853,99,22807773,178345,99,36369157,149234,99,33312462,151466,80,1992630,635806,99,13348538,432614,94,8037294,521138,78,1635150,906761,80,2046494,802021,80,1989436,772037,79,1899662,1074095,85,3261253,506388,88,4462961,285189,85,3293988,497372,90,5536652,267702,78,1717320,559644,82,2513042,485375,92,7052869,418989,88,4700966,562998,80,2078383,353811,72,953654,864651,90,5387485,195370,0,,0,,0,,0,,48,746074.0,0,,9,281592.0,0,,691,118080.0,796,24644.0,139,25149.0,28,153620.0,0,,196,100206.0,86,90915.0,0,,736,38066.0,932,34605.0,843,31560.0,0,,0,,0,,1178,26865.0,35,383314.0,65,234982.0,0,,5,341619.0,71,379811.0,805,326596.0,270,65986.0,217,74161.0,0,,2,119188.0,0,,0,,0,,0,,1390,2715.0,0,,40,115867.0,0,,0,,24,256780.0,0,,0,,58,460132.0,0,,0,,0,,0,,0,,0,,0,,0,,0,,0,,0,,0,,11,113849.0,0,,61,121499.0,0,,2881,16314.0,97,941663.0,0,,0,,605,195924.0
V-Turkony,2025-11-30,2016,199254552,409353,99,14301969,266016,99,14551671,199902,99,15536398,335753,99,32238557,186220,99,45940202,91420,85,3417040,394834,97,10817022,595558,93,7298079,541237,82,2573028,667643,90,5349381,489263,81,2199164,711718,80,2104869,988498,85,3426943,477245,80,2170644,546305,81,2263378,649791,81,2342813,502911,77,1523477,625021,96,10545527,200500,95,9668121,306508,92,6821238,456241,72,950281,559361,81,2267365,487470,72,947385,856987,188,196717.0,0,,0,,0,,0,,0,,0,,0,,0,,0,,0,,0,,0,,0,,0,,0,,0,,0,,0,,0,,0,,0,,0,,205,165648.0,0,,67,175757.0,0,,0,,1805,162909.0,0,,0,,0,,0,,0,,0,,0,,0,,0,,0,,0,,0,,0,,33,169795.0,0,,0,,0,,0,,0,,0,,0,,0,,0,,0,,0,,287,186735.0,0,,0,,0,,0,,0,,0,,0,,2785,17196.0,67,1107287.0,0,,315,46425.0,0,
Anuerysm,2025-11-30,2204,319321442,156711,99,19956608,110475,99,16890932,118156,99,23953104,165558,99,32755273,180890,99,23651852,245918,99,13040854,170565,99,21602350,132255,99,17867943,55237,99,13129158,175855,99,13109545,153672,99,13069950,131170,99,13063676,263509,99,13303966,130420,89,4859586,264514,83,2686128,574129,99,13145449,95850,86,3818444,256493,99,13430970,113781,99,18927915,67852,99,13411204,241891,86,3831053,225376,92,6729828,195989,84,3085654,369170,0,,0,,0,,0,,281,234696.0,0,,20,238103.0,0,,1338,50535.0,58,193873.0,0,,10,249562.0,47,133430.0,219,92647.0,123,71480.0,44,191412.0,2121,6174.0,2213,7480.0,2042,6780.0,0,,0,,0,,863,45804.0,703,65465.0,114,171851.0,0,,533,23280.0,151,239819.0,3227,60660.0,678,24406.0,440,30574.0,0,,0,,0,,0,,0,,0,,0,,8,426618.0,200,32320.0,0,,0,,23,268796.0,0,,0,,0,,0,,0,,0,,0,,0,,0,,0,,0,,1013,71457.0,0,,0,,0,,6,202001.0,0,,60,122677.0,8,229802.0,208,338424.0,434,339411.0,0,,0,,2522,36728.0
Mnael,2025-11-30,2204,321556600,156701,88,4714417,826548,80,2087081,1083830,90,5607679,1118794,90,5413221,1153270,86,3735305,1218351,99,13157818,89389,99,15781972,271632,99,13300926,202774,99,14183190,79413,99,14280638,44048,99,13109611,114910,99,26048421,13384,99,13861952,81816,99,16192386,17046,99,41974178,3459,99,13102167,109556,99,13349308,55033,99,25523014,17144,86,3904316,621440,99,20064654,65120,99,13267659,48226,99,15365759,41318,99,13530928,18585,0,,0,,0,,0,,957,30660.0,0,,0,,0,,0,,0,,0,,0,,0,,0,,0,,0,,0,,0,,0,,0,,0,,0,,0,,0,,0,,0,,0,,0,,0,,0,,0,,0,,0,,0,,0,,0,,0,,0,,0,,0,,0,,0,,7,549873.0,0,,0,,348,50474.0,0,,0,,0,,0,,86,184833.0,0,,0,,0,,0,,0,,0,,0,,0,,0,,0,,0,,0,,1121,9062.0,0,,0,,0,
Hengeloco,2025-11-30,2147,221949698,218410,99,14488434,255422,99,14904024,182512,99,16763307,291256,99,26234699,267674,99,15623967,430118,91,5963720,268986,99,15501245,283490,96,10036992,477239,93,7421068,320688,93,7727657,354054,91,5904363,349622,87,3975839,706038,99,13349351,124000,87,4035253,318182,92,7053626,270911,95,8974311,174670,85,3258719,327110,91,5914179,314418,96,10153823,288629,99,13412702,241683,83,2771610,290428,90,5397844,237803,84,3082965,370004,188,196811.0,0,,0,,94,79314.0,102,522293.0,0,,0,,0,,789,103404.0,62,189554.0,0,,0,,7,360811.0,13,290012.0,0,,39,212193.0,91,250015.0,89,405487.0,85,253572.0,0,,0,,0,,191,199844.0,10,539896.0,0,,72,159019.0,51,210968.0,285,137633.0,321,454228.0,86,129286.0,100,144921.0,0,,0,,0,,0,,0,,0,,0,,0,,61,85253.0,0,,0,,37,141717.0,0,,0,,40,581163.0,24,159172.0,2321,2699.0,0,,0,,0,,0,,0,,0,,0,,6,299236.0,0,,1,71814.0,0,,0,,9,238204.0,0,,831,108144.0,183,631225.0,0,,0,,90,399051.0
Abadia,2025-11-30,2147,223001216,218397,99,17397098,155460,99,13798647,249553,99,13952273,438681,99,20803779,386949,98,12034170,653800,90,5396631,300006,98,12942080,522859,99,13182186,236116,90,5576086,391731,90,5758266,447711,91,5903080,353201,99,13204146,167671,99,13718758,90251,89,5268343,246619,93,7848628,243671,84,3068528,429927,78,1637758,584515,99,17219784,40064,91,6508243,447135,98,12586027,344254,85,3289836,266516,84,3133115,366059,95,8773754,153387,0,,0,,0,,115,71685.0,289,228832.0,0,,79,144484.0,0,,0,,8,321374.0,0,,390,11634.0,97,66347.0,0,,0,,105,67922.0,15,414534.0,118,352635.0,0,,42,76542.0,0,,0,,20,429796.0,24,480374.0,0,,82,131518.0,0,,79,360655.0,851,317607.0,0,,57,196073.0,0,,0,,0,,0,,0,,0,,0,,9,422735.0,0,,0,,0,,12,438231.0,0,,0,,90,321339.0,102,21765.0,71,201926.0,0,,0,,0,,0,,0,,0,,0,,0,,0,,0,,0,,0,,0,,0,,50,571286.0,190,614738.0,0,,1149,7294.0,457,233298.0
TroutGutyz,2025-11-30,1990,174123385,453631,99,13693522,309318,99,14023812,232150,99,19937463,219495,99,29965213,212538,99,21719839,275668,82,2435165,499346,99,16826056,233990,93,7278424,541910,75,1232307,1102644,71,814609,1238116,63,391547,1821856,80,2058282,1002739,80,2111274,654222,79,1811723,609752,85,3292234,497816,90,5365244,301025,77,1576626,604255,89,5281058,334960,95,9644084,307223,93,7769307,424572,78,1735426,405252,82,2465136,457819,83,2695034,583981,615,121921.0,0,,0,,756,19201.0,124,462449.0,0,,0,,87,122420.0,323,200372.0,29,240365.0,0,,0,,0,,35,234092.0,0,,0,,90,251032.0,185,258758.0,86,252088.0,0,,0,,1400,10672.0,913,41976.0,0,,0,,41,305336.0,1,,0,,100,537138.0,0,,183,87701.0,0,,0,,0,,0,,0,,0,,180,80411.0,0,,0,,0,,0,,0,,0,,7,164731.0,0,,1,,360,86744.0,0,,31,74238.0,0,,1,,0,,0,,151,236038.0,45,136905.0,3,,1,75096.0,2,,1014,32384.0,0,,0,,50,583250.0,115,853454.0,0,,0,,1033,123519.0
TheOfficeUk,2025-11-30,1990,173787168,453632,99,18690007,129764,99,14797299,187363,99,28698279,125663,99,26835106,257555,99,13704075,532012,89,5000996,323242,99,14450204,337193,80,2096715,948387,86,3664755,525700,75,1317146,989121,77,1520662,893189,88,4740768,647531,83,2763167,549036,84,2959392,461109,81,2270498,648395,83,2677650,466118,76,1341507,724333,82,2478022,490429,99,16551864,98040,83,2816771,719163,74,1151779,514791,75,1257450,721650,80,2003056,718374,55,234684.0,0,,1,,0,,297,222849.0,26,67151.0,38,194238.0,0,,87,297703.0,0,,0,,15,223296.0,24,266607.0,0,,52,122093.0,21,414107.0,0,,0,,0,,0,,0,,3,,77,303678.0,744,62424.0,36,302246.0,12,626160.0,1,,55,431784.0,3563,47921.0,0,,1,,1,,1,235277.0,0,,0,,0,,6,261313.0,0,,707,28108.0,1,,3,,0,,50,73633.0,0,,0,,11,886888.0,0,,0,,0,,1,,0,,1,,0,,0,,1775,32125.0,0,,0,,1,109995.0,1,,1,,14,212562.0,1,,0,,23,1505987.0,0,,187,80187.0,1,
Jimbaroo,2025-11-30,2129,143399841,241548,88,4408537,846442,89,5139237,723773,91,6094483,1065480,96,10435198,787480,97,10781419,695080,79,1860505,670440,95,9296313,681324,88,4500059,689938,89,5163465,418412,80,2012583,817012,82,2431302,661297,99,13049945,302276,94,7956116,278917,83,2710152,489034,99,13865822,76245,86,3908775,358133,83,2879126,349102,86,3933220,377624,89,5020328,535441,94,8635276,402602,95,8774879,130180,88,4809736,260984,89,4974644,206760,0,,14,210172.0,0,,0,,130,448546.0,1,,0,,0,,0,,0,,0,,2,,0,,1,,0,,26,293607.0,39,339877.0,54,485845.0,39,335816.0,0,,0,,1,,618,73416.0,1,,11,373987.0,99,94808.0,3,,0,,388,432026.0,1,,2,,88,165936.0,2,138666.0,0,,0,,0,,2,,1,,45,225489.0,0,,0,,0,,8,524268.0,0,,0,,86,336711.0,27,144873.0,134,167513.0,32,147814.0,1,,65,208993.0,1,,0,,0,,0,,19,219480.0,9,169572.0,0,,1,,1,,0,,0,,20,686074.0,535,244584.0,0,,15,292675.0,142,363725.0
w1zzy,2025-11-30,2128,145471251,242840,93,7416466,620299,91,6060421,610151,98,12037635,740647,99,16538479,519915,99,17143178,377886,90,5346612,317845,95,9455045,670311,94,8121645,518910,85,3335246,568652,90,5602931,456515,83,2907595,565745,87,4051325,696207,88,4461682,403914,83,2679484,498102,91,6411480,301319,83,2827803,446517,82,2661131,371753,83,2786807,455997,87,4028936,611798,95,9604743,382499,77,1501523,454401,88,4428137,275685,85,3545969,277624,0,,34,119164.0,0,,0,,164,380773.0,25,68229.0,0,,0,,0,,0,,0,,13,233316.0,278,21185.0,1,,0,,1,,108,230229.0,283,175262.0,106,229095.0,2,,0,,1,,0,,59,310228.0,157,137881.0,57,220089.0,28,257456.0,116,288993.0,0,,0,,0,,0,,6,56246.0,0,,0,,0,,0,,0,,127,111940.0,1,,65,203807.0,0,,4,,0,,0,,96,304183.0,90,28134.0,142,164351.0,0,,0,,0,,0,,0,,0,,0,,0,,0,,0,,8,167426.0,0,,0,,0,,1550,43543.0,159,701314.0,0,,105,127516.0,1,
Alberta Beef,2025-11-30,2347,454884482,31367,99,26220639,54236,99,17610427,102865,99,32998619,101423,99,53692248,70664,99,56998049,62710,99,13103551,111493,99,28433180,69901,99,16858223,64460,99,14163946,79982,99,13180805,126662,99,13862166,64845,99,13349068,137825,99,13885227,80584,99,13245531,61781,99,15311422,42895,99,13871339,35405,99,13055860,96465,99,14803894,64893,99,16740721,95068,99,13413070,241629,99,13084421,71550,99,13074009,111378,99,13150821,77416,665,114510.0,93,43915.0,938,39697.0,780,18635.0,576,88343.0,46,36463.0,437,48063.0,571,22953.0,700,116907.0,134,133655.0,0,,116,54036.0,440,11116.0,100,155456.0,65,108155.0,106,67292.0,287,114693.0,302,163243.0,279,116653.0,117,8551.0,13,30912.0,164,90848.0,418,112466.0,800,58611.0,143,147998.0,76,148525.0,205,90134.0,356,108483.0,1839,159341.0,197,82569.0,53,203851.0,232,66220.0,2,138146.0,180,89008.0,53,51915.0,0,,10,179806.0,259,56456.0,400,47589.0,223,29180.0,36,288272.0,0,,51,70130.0,1,,251,43727.0,451,32494.0,30,132504.0,27,247183.0,648,3644.0,242,33486.0,90,180959.0,327,24378.0,12,95809.0,0,,184,218414.0,119,44607.0,229,33903.0,0,,5,253337.0,302,67253.0,34,160070.0,26,159761.0,242,312987.0,517,272491.0,272,40567.0,346,41654.0,651,186211.0
v Plant v,2025-11-30,2347,463240547,31347,99,36590400,21869,99,17199068,111152,99,32633434,103171,99,50269824,80488,99,43717127,99216,99,13214832,77226,99,34436817,43959,99,16194297,72814,99,13232255,151385,99,13567022,73764,99,14103677,58966,99,13342421,138901,99,13707273,90986,99,13184399,73606,99,18738085,22460,99,13338379,62466,99,13678422,35620,99,17136551,40596,99,17462716,84731,99,13242548,273091,99,16845582,14951,99,13224707,83860,99,13440754,23686,389,157166.0,0,,1259,23860.0,19,142855.0,79,601223.0,6,264394.0,1,,19,223304.0,1015,76545.0,122,140668.0,26,58273.0,73,78869.0,66,94867.0,53,202166.0,22,177655.0,39,210896.0,120,216806.0,120,349777.0,128,205889.0,25,214795.0,0,,63,132671.0,313,143702.0,269,139821.0,422,52006.0,53,236427.0,50,219936.0,304,128707.0,2769,83196.0,110,113799.0,61,190627.0,25,311738.0,5,62876.0,543,47547.0,13,94901.0,2,,5,391652.0,104,117871.0,38,245379.0,25,172967.0,69,194403.0,0,,37,142825.0,1,,0,,182,131787.0,18,203584.0,19,259433.0,28,158675.0,1,,75,196453.0,1,,71,64121.0,4,,850,86487.0,108,52563.0,63,90411.0,1,97518.0,25,31727.0,201,78089.0,65,118530.0,1,,712,129656.0,488,303229.0,71,81992.0,129,110022.0,151,355095.0
